date,time,stock_count,stock_HKD,fx_CNY_per_HKD,stock_CNY,estimated_cash_CNY,basket_value_CNY,unit_shares,IOPV_exact,IOPV_4dp,ETF_price,ETF_premium
2026-09-08,09:30,17,1084192.115,0.86482,937631.02489430,9547.19,947178.21489430,500000,1.8943564297886,1.8944,1.876,-0.0096900612260431258668599746
2026-09-08,09:31,17,1078169.940,0.86482,932422.92751080,9547.19,941970.11751080,500000,1.8839402350216,1.8839,1.873,-0.0058071030164471043184895632
2026-09-08,09:32,17,1078339.265,0.86482,932569.36315730,9547.19,942116.55315730,500000,1.8842331063146,1.8842,1.869,-0.0080845126134072990498777829
2026-09-08,09:33,17,1081202.760,0.86482,935045.77090320,9547.19,944592.96090320,500000,1.8891859218064,1.8892,1.871,-0.0096263271901851791080729061
2026-09-08,09:34,17,1084233.945,0.86482,937667.20031490,9547.19,947214.39031490,500000,1.8944287806298,1.8944,1.875,-0.0102557461269887016228831340
2026-09-08,09:35,17,1081330.760,0.86482,935156.46786320,9547.19,944703.65786320,500000,1.8894073157264,1.8894,1.872,-0.0092131090959111680758630531
2026-09-08,09:36,17,1080904.890,0.86482,934788.16696980,9547.19,944335.35696980,500000,1.8886707139396,1.8887,1.871,-0.0093561645284055123743056530
2026-09-08,09:37,17,1081531.495,0.86482,935330.06750590,9547.19,944877.25750590,500000,1.8897545150118,1.8898,1.873,-0.0088659743256098962160478305
2026-09-08,09:38,17,1082067.880,0.86482,935793.94398160,9547.19,945341.13398160,500000,1.8906822679632,1.8907,1.871,-0.0104101404539025872795161874
2026-09-08,09:39,17,1079591.925,0.86482,933652.68857850,9547.19,943199.87857850,500000,1.886399757157,1.8864,1.870,-0.0086936806977308639095929731
2026-09-08,09:40,17,1078603.930,0.86482,932798.25074260,9547.19,942345.44074260,500000,1.8846908814852,1.8847,1.866,-0.0099172133047468000692983947
2026-09-08,09:41,17,1079218.315,0.86482,933329.58317830,9547.19,942876.77317830,500000,1.8857535463566,1.8858,1.867,-0.0099448554095698699330179514
2026-09-08,09:42,17,1079561.720,0.86482,933626.56669040,9547.19,943173.75669040,500000,1.8863475133808,1.8863,1.868,-0.0097264757689937686615261400
2026-09-08,09:43,17,1080043.005,0.86482,934042.79158410,9547.19,943589.98158410,500000,1.8871799631682,1.8872,1.869,-0.0096334019664343276991680025
2026-09-08,09:44,17,1078899.195,0.86482,933053.60181990,9547.19,942600.79181990,500000,1.8852015836398,1.8852,1.867,-0.0096549800285324414443508050
2026-09-08,09:45,17,1079350.725,0.86482,933444.09399450,9547.19,942991.28399450,500000,1.885982567989,1.8860,1.867,-0.0100650813592836537261950558
2026-09-08,09:46,17,1079128.880,0.86482,933252.23800160,9547.19,942799.42800160,500000,1.8855988560032,1.8856,1.867,-0.0098636334785559693683164925
2026-09-08,09:47,17,1078891.655,0.86482,933047.08107710,9547.19,942594.27107710,500000,1.8851885421542,1.8852,1.869,-0.0085872271087014964362319094
2026-09-08,09:48,17,1081444.055,0.86482,935254.44764510,9547.19,944801.63764510,500000,1.8896032752902,1.8896,1.872,-0.0093158577360618397980892863
2026-09-08,09:49,17,1081279.900,0.86482,935112.48311800,9547.19,944659.67311800,500000,1.889319346236,1.8893,1.871,-0.0096962677445169615133417456
2026-09-08,09:50,17,1082274.005,0.86482,935972.20500410,9547.19,945519.39500410,500000,1.8910387900082,1.8910,1.874,-0.0090102805390502411109080359
2026-09-08,09:51,17,1081105.190,0.86482,934961.39041580,9547.19,944508.58041580,500000,1.8890171608316,1.8890,1.871,-0.0095378492081397103870199977
2026-09-08,09:52,17,1080427.085,0.86482,934374.95164970,9547.19,943922.14164970,500000,1.8878442832994,1.8878,1.871,-0.0089224961234414505259497770
2026-09-08,09:53,17,1081223.495,0.86482,935063.70294590,9547.19,944610.89294590,500000,1.8892217858918,1.8892,1.873,-0.0085864910160045435385063316
2026-09-08,09:54,17,1081654.195,0.86482,935436.18091990,9547.19,944983.37091990,500000,1.8899667418398,1.8900,1.874,-0.0084481602169660799601297778
2026-09-08,09:55,17,1082098.775,0.86482,935820.66259550,9547.19,945367.85259550,500000,1.890735705191,1.8907,1.873,-0.0093803195985069520632367664
2026-09-08,09:56,17,1081348.695,0.86482,935171.97840990,9547.19,944719.16840990,500000,1.8894383368198,1.8894,1.871,-0.0097586338016377963495588429
2026-09-08,09:57,17,1081499.250,0.86482,935302.18138500,9547.19,944849.37138500,500000,1.88969874277,1.8897,1.872,-0.0093659070461445285623567997
2026-09-08,09:58,17,1080955.785,0.86482,934832.18198370,9547.19,944379.37198370,500000,1.8887587439674,1.8888,1.871,-0.0094023358060528010703294572
2026-09-08,09:59,17,1081342.590,0.86482,935166.69868380,9547.19,944713.88868380,500000,1.8894277773676,1.8894,1.872,-0.0092238388661147098362025577
2026-09-08,10:00,17,1082193.495,0.86482,935902.57834590,9547.19,945449.76834590,500000,1.8908995366918,1.8909,1.871,-0.0105238466167351171799867880
2026-09-08,10:01,17,1081521.520,0.86482,935321.44092640,9547.19,944868.63092640,500000,1.8897372618528,1.8897,1.873,-0.0088569253465372687407008890
2026-09-08,10:02,17,1082931.025,0.86482,936540.40904050,9547.19,946087.59904050,500000,1.892175198081,1.8922,1.873,-0.0101339443094101640956704775
2026-09-08,10:03,17,1083128.460,0.86482,936711.15477720,9547.19,946258.34477720,500000,1.8925166895544,1.8925,1.873,-0.0103125587542349632757463817
2026-09-08,10:04,17,1082367.545,0.86482,936053.10026690,9547.19,945600.29026690,500000,1.8912005805338,1.8912,1.871,-0.0106813527564052956765859564
2026-09-08,10:05,17,1081786.875,0.86482,935550.92523750,9547.19,945098.11523750,500000,1.890196230475,1.8902,1.870,-0.0106847268814649761158946637
2026-09-08,10:06,17,1082485.475,0.86482,936155.08848950,9547.19,945702.27848950,500000,1.891404556979,1.8914,1.871,-0.0107880447383454987306056572
2026-09-08,10:07,17,1081410.770,0.86482,935225.66211140,9547.19,944772.85211140,500000,1.8895457042228,1.8895,1.870,-0.0103441288448957930542638080
2026-09-08,10:08,17,1080196.055,0.86482,934175.15228510,9547.19,943722.34228510,500000,1.8874446845702,1.8874,1.868,-0.0103021215557518984163830825
2026-09-08,10:09,17,1080226.400,0.86482,934201.39524800,9547.19,943748.58524800,500000,1.887497170496,1.8875,1.868,-0.0103296422377557776418139659
2026-09-08,10:10,17,1080169.525,0.86482,934152.20861050,9547.19,943699.39861050,500000,1.887398797221,1.8874,1.869,-0.0097482298113627764549692178
2026-09-08,10:11,17,1080033.230,0.86482,934034.33796860,9547.19,943581.52796860,500000,1.8871630559372,1.8872,1.868,-0.0101544251181216944602046313
2026-09-08,10:12,17,1080363.455,0.86482,934319.92315310,9547.19,943867.11315310,500000,1.8877342263062,1.8877,1.869,-0.0099241863844668217235980014
2026-09-08,10:13,17,1080189.895,0.86482,934169.82499390,9547.19,943717.01499390,500000,1.8874340299878,1.8874,1.868,-0.0102965347021562484614979132
2026-09-08,10:14,17,1080208.320,0.86482,934185.75930240,9547.19,943732.94930240,500000,1.8874658986048,1.8875,1.868,-0.0103132451925033663880129950
2026-09-08,10:15,17,1079611.570,0.86482,933669.67796740,9547.19,943216.86796740,500000,1.8864337359348,1.8864,1.868,-0.0097717378477995567969828393
2026-09-08,10:16,17,1079741.100,0.86482,933781.69810200,9547.19,943328.88810200,500000,1.886657776204,1.8867,1.867,-0.0104193651079380755262000588
2026-09-08,10:17,17,1080036.310,0.86482,934037.00161420,9547.19,943584.19161420,500000,1.8871683832284,1.8872,1.868,-0.0101572193550680586509711865
2026-09-08,10:18,17,1080376.455,0.86482,934331.16581310,9547.19,943878.35581310,500000,1.8877567116262,1.8878,1.868,-0.0104657085865586274073094727
2026-09-08,10:19,17,1079065.500,0.86482,933197.42571000,9547.19,942744.61571000,500000,1.88548923142,1.8855,1.868,-0.0092756994463598748777626153
2026-09-08,10:20,17,1079991.730,0.86482,933998.44793860,9547.19,943545.63793860,500000,1.8870912758772,1.8871,1.869,-0.0095868578846512913179485117
2026-09-08,10:21,17,1080424.860,0.86482,934373.02742520,9547.19,943920.21742520,500000,1.8878404348504,1.8878,1.869,-0.0099798873371906514681913366
2026-09-08,10:22,17,1080604.640,0.86482,934528.50476480,9547.19,944075.69476480,500000,1.8881513895296,1.8882,1.869,-0.0101429311419627399735035404
2026-09-08,10:23,17,1081400.780,0.86482,935217.02255960,9547.19,944764.21255960,500000,1.8895284251192,1.8895,1.868,-0.0113935439303284837133396629
2026-09-08,10:24,17,1080394.165,0.86482,934346.48177530,9547.19,943893.67177530,500000,1.8877873435506,1.8878,1.868,-0.0104817651300614425824064706
2026-09-08,10:25,17,1080194.020,0.86482,934173.39237640,9547.19,943720.58237640,500000,1.8874411647528,1.8874,1.869,-0.0097704580662864038116843759
2026-09-08,10:26,17,1079814.155,0.86482,933844.87752710,9547.19,943392.06752710,500000,1.8867841350542,1.8868,1.869,-0.0094256331308876151241890166
2026-09-08,10:27,17,1079870.750,0.86482,933893.82201500,9547.19,943441.01201500,500000,1.88688202403,1.8869,1.870,-0.0089470479950534462032420086
2026-09-08,10:28,17,1079944.200,0.86482,933957.34304400,9547.19,943504.53304400,500000,1.887009066088,1.8870,1.869,-0.0095437093608325851976837998
2026-09-08,10:29,17,1080495.790,0.86482,934434.36910780,9547.19,943981.55910780,500000,1.8879631182156,1.8880,1.869,-0.0100442206908802897594772874
2026-09-08,10:30,17,1079161.555,0.86482,933280.49599510,9547.19,942827.68599510,500000,1.8856553719902,1.8857,1.867,-0.0098933093858557704848632259
2026-09-08,10:31,17,1080097.995,0.86482,934090.34803590,9547.19,943637.53803590,500000,1.8872750760718,1.8873,1.869,-0.0096833134202344216707216074
2026-09-08,10:32,17,1080250.060,0.86482,934221.85688920,9547.19,943769.04688920,500000,1.8875380937784,1.8875,1.868,-0.0103510990547954490981217100
2026-09-08,10:33,17,1081239.890,0.86482,935077.88166980,9547.19,944625.07166980,500000,1.8892501433396,1.8893,1.869,-0.0107186141607506331314905635
2026-09-08,10:34,17,1080804.210,0.86482,934701.09689220,9547.19,944248.28689220,500000,1.8884965737844,1.8885,1.868,-0.0108533815040640836514836147
2026-09-08,10:35,17,1079972.175,0.86482,933981.53638350,9547.19,943528.72638350,500000,1.887057452767,1.8871,1.868,-0.0100990315578659142992096055
2026-09-08,10:36,17,1079294.325,0.86482,933395.31814650,9547.19,942942.50814650,500000,1.885885016293,1.8859,1.867,-0.0100138747218647686134930417
2026-09-08,10:37,17,1079282.290,0.86482,933384.91003780,9547.19,942932.10003780,500000,1.8858642000756,1.8859,1.868,-0.0094726863550853051410358980
2026-09-08,10:38,17,1079013.040,0.86482,933152.05725280,9547.19,942699.24725280,500000,1.8853984945056,1.8854,1.869,-0.0086976278772833682688013906
2026-09-08,10:39,17,1079621.260,0.86482,933678.05807320,9547.19,943225.24807320,500000,1.8864504961464,1.8865,1.869,-0.0092504394798843084298698381
2026-09-08,10:40,17,1080320.125,0.86482,934282.45050250,9547.19,943829.64050250,500000,1.887659281005,1.8877,1.869,-0.0098848776327186005618120906
2026-09-08,10:41,17,1080122.300,0.86482,934111.36748600,9547.19,943658.55748600,500000,1.887317114972,1.8873,1.869,-0.0097053721532492701526160746
2026-09-08,10:42,17,1079448.400,0.86482,933528.56528800,9547.19,943075.75528800,500000,1.886151510576,1.8862,1.868,-0.0096235697260909988284936795
2026-09-08,10:43,17,1078892.820,0.86482,933048.08859240,9547.19,942595.27859240,500000,1.8851905571848,1.8852,1.868,-0.0091187371585772574889334770
2026-09-08,10:44,17,1078668.320,0.86482,932853.93650240,9547.19,942401.12650240,500000,1.8848022530048,1.8848,1.869,-0.0083840376249591402729505312
2026-09-08,10:45,17,1079263.490,0.86482,933368.65142180,9547.19,942915.84142180,500000,1.8858316828436,1.8858,1.868,-0.0094556067786028690346133551
2026-09-08,10:46,17,1079099.810,0.86482,933227.09768420,9547.19,942774.28768420,500000,1.8855485753684,1.8855,1.868,-0.0093068805533006993490814854
2026-09-08,10:47,17,1079220.980,0.86482,933331.88792360,9547.19,942879.07792360,500000,1.8857581558472,1.8858,1.867,-0.0099472754706303620472912431
2026-09-08,10:48,17,1079736.840,0.86482,933778.01396880,9547.19,943325.20396880,500000,1.8866504079376,1.8867,1.868,-0.0098854604218848226228065528
2026-09-08,10:49,17,1079546.255,0.86482,933613.19224910,9547.19,943160.38224910,500000,1.8863207644982,1.8863,1.869,-0.0091823007116224363342001054
2026-09-08,10:50,17,1080001.815,0.86482,934007.16964830,9547.19,943554.35964830,500000,1.8871087192966,1.8871,1.869,-0.0095960127317676934668212415
2026-09-08,10:51,17,1080639.430,0.86482,934558.59185260,9547.19,944105.78185260,500000,1.8882115637052,1.8882,1.870,-0.0096448745761644477594425320
2026-09-08,10:52,17,1080926.535,0.86482,934806.88599870,9547.19,944354.07599870,500000,1.8887081519974,1.8887,1.868,-0.0109641883927382481535565053
2026-09-08,10:53,17,1080750.710,0.86482,934654.82902220,9547.19,944202.01902220,500000,1.8884040380444,1.8884,1.868,-0.0108049112548658201610369346
2026-09-08,10:54,17,1080097.665,0.86482,934090.06264530,9547.19,943637.25264530,500000,1.8872745052906,1.8873,1.869,-0.0096830139120573327286886330
2026-09-08,10:55,17,1080231.320,0.86482,934205.65016240,9547.19,943752.84016240,500000,1.8875056803248,1.8875,1.869,-0.0098043044414126276522935701
2026-09-08,10:56,17,1080065.475,0.86482,934062.22408950,9547.19,943609.41408950,500000,1.887218828179,1.8872,1.868,-0.0101836776382442501271793581
2026-09-08,10:57,17,1078990.395,0.86482,933132.47340390,9547.19,942679.66340390,500000,1.8853593268078,1.8854,1.868,-0.0092074367792753754197099677
2026-09-08,10:58,17,1079585.225,0.86482,933646.89428450,9547.19,943194.08428450,500000,1.886388168569,1.8864,1.868,-0.0097478180129538914445890628
2026-09-08,10:59,17,1080385.435,0.86482,934338.93189670,9547.19,943886.12189670,500000,1.8877722437934,1.8878,1.868,-0.0104738502530731654630074728
2026-09-08,11:00,17,1079919.710,0.86482,933936.16360220,9547.19,943483.35360220,500000,1.8869667072044,1.8870,1.868,-0.0100514265206617068412202501
2026-09-08,11:01,17,1079063.520,0.86482,933195.71336640,9547.19,942742.90336640,500000,1.8854858067328,1.8855,1.867,-0.0098042672433755955647084641
2026-09-08,11:02,17,1078856.060,0.86482,933016.29780920,9547.19,942563.48780920,500000,1.8851269756184,1.8851,1.867,-0.0096157849592352252989265812
2026-09-08,11:03,17,1079311.765,0.86482,933410.40060730,9547.19,942957.59060730,500000,1.8859151812146,1.8859,1.868,-0.0094994628565755287119558382
2026-09-08,11:04,17,1079365.925,0.86482,933457.23925850,9547.19,943004.42925850,500000,1.886008858517,1.8860,1.867,-0.0100788808234691857498510386
2026-09-08,11:05,17,1079266.405,0.86482,933371.17237210,9547.19,942918.36237210,500000,1.8858367247442,1.8858,1.866,-0.0105187922601786785439517337
2026-09-08,11:06,17,1078258.740,0.86482,932499.72352680,9547.19,942046.91352680,500000,1.8840938270536,1.8841,1.867,-0.0090727047709358600983717558
2026-09-08,11:07,17,1078259.315,0.86482,932500.22079830,9547.19,942047.41079830,500000,1.8840948215966,1.8841,1.867,-0.0090732278442937836981052498
2026-09-08,11:08,17,1078617.690,0.86482,932810.15066580,9547.19,942357.34066580,500000,1.8847146813316,1.8847,1.867,-0.0093991316070632592260779568
2026-09-08,11:09,17,1078891.345,0.86482,933046.81298290,9547.19,942594.00298290,500000,1.8851880059658,1.8852,1.867,-0.0096478472747773021725862729
2026-09-08,11:10,17,1079170.345,0.86482,933288.09776290,9547.19,942835.28776290,500000,1.8856705755258,1.8857,1.867,-0.0099012922872776441958052056
2026-09-08,11:11,17,1080293.110,0.86482,934259.08739020,9547.19,943806.27739020,500000,1.8876125547804,1.8876,1.867,-0.0109199076517045160892746402
2026-09-08,11:12,17,1079765.565,0.86482,933802.85592330,9547.19,943350.04592330,500000,1.8867000918466,1.8867,1.867,-0.0104415598068469990165084116
2026-09-08,11:13,17,1079795.950,0.86482,933829.13347900,9547.19,943376.32347900,500000,1.886752646958,1.8868,1.868,-0.0099391125743137450746723014
2026-09-08,11:14,17,1079246.155,0.86482,933353.65976710,9547.19,942900.84976710,500000,1.8858016995342,1.8858,1.867,-0.0099701360640644715606318686
2026-09-08,11:15,17,1078796.885,0.86482,932965.12208570,9547.19,942512.31208570,500000,1.8850246241714,1.8850,1.866,-0.0100925069770707378855598841
2026-09-08,11:16,17,1078866.285,0.86482,933025.14059370,9547.19,942572.33059370,500000,1.8851446611874,1.8851,1.866,-0.0101555395623279713312249294
2026-09-08,11:17,17,1078821.575,0.86482,932986.47449150,9547.19,942533.66449150,500000,1.885067328983,1.8851,1.867,-0.0095844475712957070769497311
2026-09-08,11:18,17,1078568.605,0.86482,932767.70097610,9547.19,942314.89097610,500000,1.8846297819522,1.8846,1.867,-0.0093545067158697513467494244
2026-09-08,11:19,17,1078304.695,0.86482,932539.46632990,9547.19,942086.65632990,500000,1.8841733126598,1.8842,1.868,-0.0085837712227060924145275868
2026-09-08,11:20,17,1078430.965,0.86482,932648.66715130,9547.19,942195.85715130,500000,1.8843917143026,1.8844,1.868,-0.0086986767019756596265643341
2026-09-08,11:21,17,1078850.210,0.86482,933011.23861220,9547.19,942558.42861220,500000,1.8851168572244,1.8851,1.868,-0.0090799979634166777052003718
2026-09-08,11:22,17,1079800.210,0.86482,933832.81761220,9547.19,943380.00761220,500000,1.8867600152244,1.8868,1.867,-0.0104729881198218319598594954
2026-09-08,11:23,17,1080095.270,0.86482,934087.99140140,9547.19,943635.18140140,500000,1.8872703628028,1.8873,1.868,-0.0102107059924267730482590955
2026-09-08,11:24,17,1080296.590,0.86482,934262.09696380,9547.19,943809.28696380,500000,1.8876185739276,1.8876,1.867,-0.0109230615826684642797889722
2026-09-08,11:25,17,1079609.840,0.86482,933668.18182880,9547.19,943215.37182880,500000,1.8864307436576,1.8864,1.867,-0.0103002687604241102336324176
2026-09-08,11:26,17,1079529.050,0.86482,933598.31302100,9547.19,943145.50302100,500000,1.886291006042,1.8863,1.866,-0.0107570920801751424629507267
2026-09-08,11:27,17,1079205.950,0.86482,933318.88967900,9547.19,942866.07967900,500000,1.885732159358,1.8857,1.867,-0.0099336267163081040903867296
2026-09-08,11:28,17,1079116.575,0.86482,933241.59639150,9547.19,942788.78639150,500000,1.885577572783,1.8856,1.866,-0.0103827989182670806857671278
2026-09-08,11:29,17,1078719.605,0.86482,932898.28879610,9547.19,942445.47879610,500000,1.8848909575922,1.8849,1.866,-0.0100223079303917469235447170
2026-09-08,11:30,17,1078585.260,0.86482,932782.10455320,9547.19,942329.29455320,500000,1.8846585891064,1.8847,1.867,-0.0093696488098529920883360809
2026-09-08,11:31,17,1078406.850,0.86482,932627.81201700,9547.19,942175.00201700,500000,1.884350004034,1.8844,,
2026-09-08,11:32,17,1078587.410,0.86482,932783.96391620,9547.19,942331.15391620,500000,1.8846623078324,1.8847,,
2026-09-08,11:33,17,1077976.415,0.86482,932255.56322030,9547.19,941802.75322030,500000,1.8836055064406,1.8836,,
2026-09-08,11:34,17,1077120.540,0.86482,931515.38540280,9547.19,941062.57540280,500000,1.8821251508056,1.8821,,
2026-09-08,11:35,17,1077278.470,0.86482,931651.96642540,9547.19,941199.15642540,500000,1.8823983128508,1.8824,,
2026-09-08,11:36,17,1077691.190,0.86482,932008.89493580,9547.19,941556.08493580,500000,1.8831121698716,1.8831,,
2026-09-08,11:37,17,1077579.580,0.86482,931912.37237560,9547.19,941459.56237560,500000,1.8829191247512,1.8829,,
2026-09-08,11:38,17,1077591.260,0.86482,931922.47347320,9547.19,941469.66347320,500000,1.8829393269464,1.8829,,
2026-09-08,11:39,17,1077925.340,0.86482,932211.39253880,9547.19,941758.58253880,500000,1.8835171650776,1.8835,,
2026-09-08,11:40,17,1077955.700,0.86482,932237.64847400,9547.19,941784.83847400,500000,1.883569676948,1.8836,,
2026-09-08,11:41,17,1077043.295,0.86482,931448.58238190,9547.19,940995.77238190,500000,1.8819915447638,1.8820,,
2026-09-08,11:42,17,1076934.410,0.86482,931354.41645620,9547.19,940901.60645620,500000,1.8818032129124,1.8818,,
2026-09-08,11:43,17,1076727.560,0.86482,931175.52843920,9547.19,940722.71843920,500000,1.8814454368784,1.8814,,
2026-09-08,11:44,17,1075121.900,0.86482,929786.92155800,9547.19,939334.11155800,500000,1.878668223116,1.8787,,
2026-09-08,11:45,17,1074536.640,0.86482,929280.77700480,9547.19,938827.96700480,500000,1.8776559340096,1.8777,,
2026-09-08,11:46,17,1074152.395,0.86482,928948.47424390,9547.19,938495.66424390,500000,1.8769913284878,1.8770,,
2026-09-08,11:47,17,1074602.525,0.86482,929337.75567050,9547.19,938884.94567050,500000,1.877769891341,1.8778,,
2026-09-08,11:48,17,1074201.685,0.86482,928991.10122170,9547.19,938538.29122170,500000,1.8770765824434,1.8771,,
2026-09-08,11:49,17,1075207.625,0.86482,929861.05825250,9547.19,939408.24825250,500000,1.878816496505,1.8788,,
2026-09-08,11:50,17,1075298.335,0.86482,929939.50607470,9547.19,939486.69607470,500000,1.8789733921494,1.8790,,
2026-09-08,11:51,17,1074287.585,0.86482,929065.38925970,9547.19,938612.57925970,500000,1.8772251585194,1.8772,,
2026-09-08,11:52,17,1073932.550,0.86482,928758.34789100,9547.19,938305.53789100,500000,1.876611075782,1.8766,,
2026-09-08,11:53,17,1073798.740,0.86482,928642.62632680,9547.19,938189.81632680,500000,1.8763796326536,1.8764,,
2026-09-08,11:54,17,1074253.340,0.86482,929035.77349880,9547.19,938582.96349880,500000,1.8771659269976,1.8772,,
2026-09-08,11:55,17,1074440.560,0.86482,929197.68509920,9547.19,938744.87509920,500000,1.8774897501984,1.8775,,
2026-09-08,11:56,17,1074166.040,0.86482,928960.27471280,9547.19,938507.46471280,500000,1.8770149294256,1.8770,,
2026-09-08,11:57,17,1074589.950,0.86482,929326.88055900,9547.19,938874.07055900,500000,1.877748141118,1.8777,,
2026-09-08,11:58,17,1074419.570,0.86482,929179.53252740,9547.19,938726.72252740,500000,1.8774534450548,1.8775,,
2026-09-08,11:59,17,1074993.005,0.86482,929675.45058410,9547.19,939222.64058410,500000,1.8784452811682,1.8784,,
2026-09-08,12:00,17,1074703.785,0.86482,929425.32734370,9547.19,938972.51734370,500000,1.8779450346874,1.8779,,
2026-09-08,13:00,17,1074703.785,0.86482,929425.32734370,9547.19,938972.51734370,500000,1.8779450346874,1.8779,1.867,-0.0058281975698090091120916626
2026-09-08,13:01,17,1072632.375,0.86482,927633.93054750,9547.19,937181.12054750,500000,1.874362241095,1.8744,1.860,-0.0076624682145803349650463153
2026-09-08,13:02,17,1071730.130,0.86482,926853.65102660,9547.19,936400.84102660,500000,1.8728016820532,1.8728,1.859,-0.0073695374077563118132159838
2026-09-08,13:03,17,1071996.475,0.86482,927083.99150950,9547.19,936631.18150950,500000,1.873262363019,1.8733,1.860,-0.0070798214285510007830427600
2026-09-08,13:04,17,1071830.130,0.86482,926940.13302660,9547.19,936487.32302660,500000,1.8729746460532,1.8730,1.858,-0.0079951141275484515706650000
2026-09-08,13:05,17,1070913.405,0.86482,926147.33091210,9547.19,935694.52091210,500000,1.8713890418242,1.8714,1.857,-0.0076889633863484596397033189
2026-09-08,13:06,17,1070628.940,0.86482,925901.31989080,9547.19,935448.50989080,500000,1.8708970197816,1.8709,1.858,-0.0068934952834045026005202271
2026-09-08,13:07,17,1068895.295,0.86482,924402.02902190,9547.19,933949.21902190,500000,1.8678984380438,1.8679,1.855,-0.0069053208574381531478341591
2026-09-08,13:08,17,1068750.895,0.86482,924277.14901390,9547.19,933824.33901390,500000,1.8676486780278,1.8676,1.854,-0.0073079472538768552413700921
2026-09-08,13:09,17,1068196.000,0.86482,923797.26472000,9547.19,933344.45472000,500000,1.86668890944,1.8667,1.853,-0.0073332569614433633177840455
2026-09-08,13:10,17,1068362.560,0.86482,923941.30913920,9547.19,933488.49913920,500000,1.8669769982784,1.8670,1.854,-0.0069508077980427775516840571
2026-09-08,13:11,17,1067142.705,0.86482,922886.35413810,9547.19,932433.54413810,500000,1.8648670882762,1.8649,1.852,-0.0068997347623812497990903997
2026-09-08,13:12,17,1066840.465,0.86482,922624.97094130,9547.19,932172.16094130,500000,1.8643443218826,1.8643,1.851,-0.0071576487915735492384709474
2026-09-08,13:13,17,1066554.145,0.86482,922377.35567890,9547.19,931924.54567890,500000,1.8638490913578,1.8638,1.852,-0.0063573233545254601858486999
2026-09-08,13:14,17,1066820.570,0.86482,922607.76534740,9547.19,932154.95534740,500000,1.8643099106948,1.8643,1.853,-0.0060665400263762841821045503
2026-09-08,13:15,17,1067566.090,0.86482,923252.50595380,9547.19,932799.69595380,500000,1.8655993919076,1.8656,1.854,-0.0062175148415649239080372722
2026-09-08,13:16,17,1065695.950,0.86482,921635.17147900,9547.19,931182.36147900,500000,1.862364722958,1.8624,1.851,-0.0061023078980734628808360893
2026-09-08,13:17,17,1065427.785,0.86482,921403.25702370,9547.19,930950.44702370,500000,1.8619008940474,1.8619,1.852,-0.0053176267754388566778593524
2026-09-08,13:18,17,1067488.450,0.86482,923185.36132900,9547.19,932732.55132900,500000,1.865465102658,1.8655,1.854,-0.0061459754147445574551938636
2026-09-08,13:19,17,1066869.685,0.86482,922650.24098170,9547.19,932197.43098170,500000,1.8643948619634,1.8644,1.853,-0.0061118286667020931369640819
2026-09-08,13:20,17,1066412.810,0.86482,922255.12634420,9547.19,931802.31634420,500000,1.8636046326884,1.8636,1.853,-0.0056903875974497670050412176
2026-09-08,13:21,17,1064401.270,0.86482,920515.50632140,9547.19,930062.69632140,500000,1.8601253926428,1.8601,1.850,-0.0054433925168959724034234725
2026-09-08,13:22,17,1065077.565,0.86482,921100.37976330,9547.19,930647.56976330,500000,1.8612951395266,1.8613,1.852,-0.0049939095252589101851185020
2026-09-08,13:23,17,1065387.300,0.86482,921368.24478600,9547.19,930915.43478600,500000,1.861830869572,1.8618,1.852,-0.0052802162283730597644154808
2026-09-08,13:24,17,1064727.450,0.86482,920797.59330900,9547.19,930344.78330900,500000,1.860689566618,1.8607,1.852,-0.0046700786492795818659119726
2026-09-08,13:25,17,1064697.185,0.86482,920771.41953170,9547.19,930318.60953170,500000,1.8606372190634,1.8606,1.852,-0.0046420758302081951378856087
2026-09-08,13:26,17,1065323.490,0.86482,921313.06062180,9547.19,930860.25062180,500000,1.8617205012436,1.8617,1.852,-0.0052212462811183838416138072
2026-09-08,13:27,17,1063841.915,0.86482,920031.76493030,9547.19,929578.95493030,500000,1.8591579098606,1.8592,1.850,-0.0049258375590520235883200756
2026-09-08,13:28,17,1063580.255,0.86482,919805.47612910,9547.19,929352.66612910,500000,1.8587053322582,1.8587,1.851,-0.0041455372858044947346206243
2026-09-08,13:29,17,1063580.600,0.86482,919805.77449200,9547.19,929352.96449200,500000,1.858705928984,1.8587,1.851,-0.0041458569985905143750028078
2026-09-08,13:30,17,1063589.515,0.86482,919813.48436230,9547.19,929360.67436230,500000,1.8587213487246,1.8587,1.851,-0.0041541184911327148222570664
2026-09-08,13:31,17,1062960.505,0.86482,919269.50393410,9547.19,928816.69393410,500000,1.8576333878682,1.8576,1.851,-0.0035708810530222027441231188
2026-09-08,13:32,17,1062904.715,0.86482,919221.25562630,9547.19,928768.44562630,500000,1.8575368912526,1.8575,1.850,-0.0040574651777266286853552744
2026-09-08,13:33,17,1063006.985,0.86482,919309.70076770,9547.19,928856.89076770,500000,1.8577137815354,1.8577,1.849,-0.0046905942250146099615585388
2026-09-08,13:34,17,1061734.860,0.86482,918209.54162520,9547.19,927756.73162520,500000,1.8555134632504,1.8555,1.848,-0.0040492636670166075630242094
2026-09-08,13:35,17,1061767.830,0.86482,918238.05474060,9547.19,927785.24474060,500000,1.8555704894812,1.8556,1.846,-0.0051577073118229092732412043
2026-09-08,13:36,17,1061828.955,0.86482,918290.91686310,9547.19,927838.10686310,500000,1.8556762137262,1.8557,1.846,-0.0052143868928352277361562847
2026-09-08,13:37,17,1062592.245,0.86482,918951.02532090,9547.19,928498.21532090,500000,1.8569964306418,1.8570,1.848,-0.0048446138578148622644656465
2026-09-08,13:38,17,1063212.380,0.86482,919487.33047160,9547.19,929034.52047160,500000,1.8580690409432,1.8581,1.850,-0.0043427024321464196325016518
2026-09-08,13:39,17,1063468.875,0.86482,919709.15247750,9547.19,929256.34247750,500000,1.858512684955,1.8585,1.850,-0.0045803749546138378242802377
2026-09-08,13:40,17,1062987.495,0.86482,919292.84542590,9547.19,928840.03542590,500000,1.8576800708518,1.8577,1.849,-0.0046725326863306105543693462
2026-09-08,13:41,17,1062814.665,0.86482,919143.37858530,9547.19,928690.56858530,500000,1.8573811371706,1.8574,1.849,-0.0045123410606867784805369409
2026-09-08,13:42,17,1063019.455,0.86482,919320.48507310,9547.19,928867.67507310,500000,1.8577353501462,1.8577,1.849,-0.0047021499297585878851200708
2026-09-08,13:43,17,1062726.345,0.86482,919066.99768290,9547.19,928614.18768290,500000,1.8572283753658,1.8572,1.850,-0.0038920228991097005092363353
2026-09-08,13:44,17,1063446.545,0.86482,919689.84104690,9547.19,929237.03104690,500000,1.8584740620938,1.8585,1.850,-0.0045596881154493622708256285
2026-09-08,13:45,17,1063751.130,0.86482,919953.25224660,9547.19,929500.44224660,500000,1.8590008844932,1.8590,1.850,-0.0048417860197273747692690493
2026-09-08,13:46,17,1063053.130,0.86482,919349.60788660,9547.19,928896.79788660,500000,1.8577935957732,1.8578,1.850,-0.0041950816231317467153796132
2026-09-08,13:47,17,1063696.410,0.86482,919905.92929620,9547.19,929453.11929620,500000,1.8589062385924,1.8589,1.851,-0.0042531669582145024218019375
2026-09-08,13:48,17,1064057.610,0.86482,920218.30228020,9547.19,929765.49228020,500000,1.8595309845604,1.8595,1.850,-0.0051254776820259114902667732
2026-09-08,13:49,17,1064421.560,0.86482,920533.05351920,9547.19,930080.24351920,500000,1.8601604870384,1.8602,1.850,-0.0054621561468476957300088315
2026-09-08,13:50,17,1064625.975,0.86482,920709.83569950,9547.19,930257.02569950,500000,1.860514051399,1.8605,1.852,-0.0045761822613475673652530349
2026-09-08,13:51,17,1065892.225,0.86482,921804.91402450,9547.19,931352.10402450,500000,1.862704208049,1.8627,1.854,-0.0046728879504260122927843439
2026-09-08,13:52,17,1065613.915,0.86482,921564.22597030,9547.19,931111.41597030,500000,1.8622228319406,1.8622,1.854,-0.0044156004316793204614955294
2026-09-08,13:53,17,1065996.825,0.86482,921895.37419650,9547.19,931442.56419650,500000,1.862885128393,1.8629,1.854,-0.0047695524847872240211896849
2026-09-08,13:54,17,1065728.530,0.86482,921663.34731460,9547.19,931210.53731460,500000,1.8624210746292,1.8624,1.852,-0.0055954449673926670927030832
2026-09-08,13:55,17,1065835.115,0.86482,921755.52415430,9547.19,931302.71415430,500000,1.8626054283086,1.8626,1.853,-0.0051569850289347242362222645
2026-09-08,13:56,17,1065589.785,0.86482,921543.35786370,9547.19,931090.54786370,500000,1.8621810957274,1.8622,1.852,-0.0054672962531729969610941421
2026-09-08,13:57,17,1065942.115,0.86482,921848.05989430,9547.19,931395.24989430,500000,1.8627904997886,1.8628,1.853,-0.0052558244148824472109483860
2026-09-08,13:58,17,1066323.115,0.86482,922177.55631430,9547.19,931724.74631430,500000,1.8634494926286,1.8634,1.854,-0.0050709679366036659688820455
2026-09-08,13:59,17,1066060.045,0.86482,921950.04811690,9547.19,931497.23811690,500000,1.8629944762338,1.8630,1.852,-0.0059015076931555150254456474
2026-09-08,14:00,17,1066595.790,0.86482,922413.37110780,9547.19,931960.56110780,500000,1.8639211222156,1.8639,1.852,-0.0063957224764048155006031000
2026-09-08,14:01,17,1065848.990,0.86482,921767.52353180,9547.19,931314.71353180,500000,1.8626294270636,1.8626,1.852,-0.0057066783704566991443966669
2026-09-08,14:02,17,1065602.510,0.86482,921554.36269820,9547.19,931101.55269820,500000,1.8622031053964,1.8622,1.853,-0.0049420524376372846901254524
2026-09-08,14:03,17,1065606.490,0.86482,921557.80468180,9547.19,931104.99468180,500000,1.8622099893636,1.8622,1.851,-0.0060197235691077739731061089
2026-09-08,14:04,17,1065550.625,0.86482,921509.49151250,9547.19,931056.68151250,500000,1.862113363025,1.8621,1.851,-0.0059681452513430012739328722
2026-09-08,14:05,17,1065197.895,0.86482,921204.44355390,9547.19,930751.63355390,500000,1.8615032671078,1.8615,1.850,-0.0061795578396553217893896698
2026-09-08,14:06,17,1064740.625,0.86482,920808.98731250,9547.19,930356.17731250,500000,1.860712354625,1.8607,1.850,-0.0057571255430068459338131106
2026-09-08,14:07,17,1064383.685,0.86482,920500.29846170,9547.19,930047.48846170,500000,1.8600949769234,1.8601,1.849,-0.0059647367801353397436535129
2026-09-08,14:08,17,1064320.540,0.86482,920445.68940280,9547.19,929992.87940280,500000,1.8599857588056,1.8600,1.850,-0.0053687286358646151584927706
2026-09-08,14:09,17,1064060.700,0.86482,920220.97457400,9547.19,929768.16457400,500000,1.859536329148,1.8595,1.850,-0.0051283371013081219070963351
2026-09-08,14:10,17,1063893.290,0.86482,920076.19505780,9547.19,929623.38505780,500000,1.8592467701156,1.8592,1.850,-0.0049733958204080007320173186
2026-09-08,14:11,17,1064364.105,0.86482,920483.36528610,9547.19,930030.55528610,500000,1.8600611105722,1.8601,1.850,-0.0054090215181720335453397885
2026-09-08,14:12,17,1064972.585,0.86482,921009.59095970,9547.19,930556.78095970,500000,1.8611135619194,1.8611,1.851,-0.0054341455171438872834788344
2026-09-08,14:13,17,1064854.640,0.86482,920907.58976480,9547.19,930454.77976480,500000,1.8609095595296,1.8609,1.850,-0.0058624877677331692819836354
2026-09-08,14:14,17,1064538.980,0.86482,920634.60068360,9547.19,930181.79068360,500000,1.8603635813672,1.8604,1.851,-0.0050331996718182417915803855
2026-09-08,14:15,17,1063962.170,0.86482,920135.76385940,9547.19,929682.95385940,500000,1.8593659077188,1.8594,1.849,-0.0055749692278254256057191889
2026-09-08,14:16,17,1064138.560,0.86482,920288.30945920,9547.19,929835.49945920,500000,1.8596709989184,1.8597,1.850,-0.0052003816395613701463052217
2026-09-08,14:17,17,1062906.735,0.86482,919223.00256270,9547.19,928770.19256270,500000,1.8575403851254,1.8575,1.848,-0.0051360310665632939680355660
2026-09-08,14:18,17,1062792.395,0.86482,919124.11904390,9547.19,928671.30904390,500000,1.8573426180878,1.8573,1.847,-0.0055685030791185374230471636
2026-09-08,14:19,17,1062251.990,0.86482,918656.76599180,9547.19,928203.95599180,500000,1.8564079119836,1.8564,1.847,-0.0050678042917558476719015384
2026-09-08,14:20,17,1061035.870,0.86482,917605.04109340,9547.19,927152.23109340,500000,1.8543044621868,1.8543,1.844,-0.0055570497709140189205850389
2026-09-08,14:21,17,1060526.010,0.86482,917164.10396820,9547.19,926711.29396820,500000,1.8534225879364,1.8534,1.844,-0.0050838853468874067202541502
2026-09-08,14:22,17,1060928.385,0.86482,917512.08591570,9547.19,927059.27591570,500000,1.8541185518314,1.8541,1.847,-0.0038393185939316943498966099
2026-09-08,14:23,17,1061168.170,0.86482,917719.45677940,9547.19,927266.64677940,500000,1.8545332935588,1.8545,1.847,-0.0040620966929872745983421452
2026-09-08,14:24,17,1061191.790,0.86482,917739.88382780,9547.19,927287.07382780,500000,1.8545741476556,1.8546,1.847,-0.0040840360387718194439929261
2026-09-08,14:25,17,1061543.280,0.86482,918043.85940960,9547.19,927591.04940960,500000,1.8551820988192,1.8552,1.848,-0.0038713713461181601986653081
2026-09-08,14:26,17,1061647.230,0.86482,918133.75744860,9547.19,927680.94744860,500000,1.8553618948972,1.8554,1.848,-0.0039679023900660093947325493
2026-09-08,14:27,17,1061712.930,0.86482,918190.57612260,9547.19,927737.76612260,500000,1.8554755322452,1.8555,1.848,-0.0040289037043535170754774025
2026-09-08,14:28,17,1061996.335,0.86482,918435.67043470,9547.19,927982.86043470,500000,1.8559657208694,1.8560,1.847,-0.0048307577928756890913232362
2026-09-08,14:29,17,1061830.045,0.86482,918291.85951690,9547.19,927839.04951690,500000,1.8556780990338,1.8557,1.848,-0.0041376244283950824890994449
2026-09-08,14:30,17,1061998.225,0.86482,918437.30494450,9547.19,927984.49494450,500000,1.855968989889,1.8560,1.849,-0.0037549064272980092266682101
2026-09-08,14:31,17,1062698.055,0.86482,919042.53192510,9547.19,928589.72192510,500000,1.8571794438502,1.8572,1.847,-0.0054811310150496547419541858
2026-09-08,14:32,17,1061834.710,0.86482,918295.89390220,9547.19,927843.08390220,500000,1.8556861678044,1.8557,1.847,-0.0046808387943513367116799684
2026-09-08,14:33,17,1061922.980,0.86482,918372.23156360,9547.19,927919.42156360,500000,1.8558388431272,1.8558,1.848,-0.0042238813764621275840566170
2026-09-08,14:34,17,1060961.840,0.86482,917541.01846880,9547.19,927088.20846880,500000,1.8541764169376,1.8542,1.847,-0.0038704067595966589093980649
2026-09-08,14:35,17,1061445.415,0.86482,917959.22380030,9547.19,927506.41380030,500000,1.8550128276006,1.8550,1.847,-0.0043195537418274014030084455
2026-09-08,14:36,17,1061664.325,0.86482,918148.54154650,9547.19,927695.73154650,500000,1.855391463093,1.8554,1.846,-0.0050617151581284711830616266
2026-09-08,14:37,17,1061712.615,0.86482,918190.30370430,9547.19,927737.49370430,500000,1.8554749874086,1.8555,1.848,-0.0040286112501250923320578761
2026-09-08,14:38,17,1060970.405,0.86482,917548.42565210,9547.19,927095.61565210,500000,1.8541912313042,1.8542,1.847,-0.0038783655012443542370099082
2026-09-08,14:39,17,1061765.640,0.86482,918236.16078480,9547.19,927783.35078480,500000,1.8555667015696,1.8556,1.848,-0.0040778386264419513951919449
2026-09-08,14:40,17,1062205.740,0.86482,918616.76806680,9547.19,928163.95806680,500000,1.8563279161336,1.8563,1.848,-0.0044862311562633632869006613
2026-09-08,14:41,17,1061625.245,0.86482,918114.74438090,9547.19,927661.93438090,500000,1.8553238687618,1.8553,1.848,-0.0039474880289702625760272136
2026-09-08,14:42,17,1061190.490,0.86482,917738.75956180,9547.19,927285.94956180,500000,1.8545718991236,1.8546,1.847,-0.0040828285639279830312464479
2026-09-08,14:43,17,1061361.600,0.86482,917886.73891200,9547.19,927433.92891200,500000,1.854867857824,1.8549,1.847,-0.0042417349520682380337866688
2026-09-08,14:44,17,1061286.065,0.86482,917821.41473330,9547.19,927368.60473330,500000,1.8547372094666,1.8547,1.847,-0.0041715933810510697143196047
2026-09-08,14:45,17,1061038.795,0.86482,917607.57069190,9547.19,927154.76069190,500000,1.8543095213838,1.8543,1.847,-0.0039419100746164452840353012
2026-09-08,14:46,17,1061298.025,0.86482,917831.75798050,9547.19,927378.94798050,500000,1.854757895961,1.8548,1.846,-0.0047218539843240825353459712
2026-09-08,14:47,17,1061221.415,0.86482,917765.50412030,9547.19,927312.69412030,500000,1.8546253882406,1.8546,1.847,-0.0041115517392080263335349903
2026-09-08,14:48,17,1060773.330,0.86482,917377.99125060,9547.19,926925.18125060,500000,1.8538503625012,1.8539,1.846,-0.0042346257605216604687463679
2026-09-08,14:49,17,1060470.705,0.86482,917116.27509810,9547.19,926663.46509810,500000,1.8533269301962,1.8533,1.847,-0.0034138230514624896306357883
2026-09-08,14:50,17,1060716.855,0.86482,917329.15054110,9547.19,926876.34054110,500000,1.8537526810822,1.8538,1.846,-0.0041821550206331039999741793
2026-09-08,14:51,17,1060213.100,0.86482,916893.49314200,9547.19,926440.68314200,500000,1.852881366284,1.8529,1.846,-0.0037138731109378861530920271
2026-09-08,14:52,17,1060221.555,0.86482,916900.80519510,9547.19,926447.99519510,500000,1.8528959903902,1.8529,1.846,-0.0037217363661884650470387498
2026-09-08,14:53,17,1060251.465,0.86482,916926.67196130,9547.19,926473.86196130,500000,1.8529477239226,1.8529,1.846,-0.0037495520423490454218976207
2026-09-08,14:54,17,1060847.935,0.86482,917442.51114670,9547.19,926989.70114670,500000,1.8539794022934,1.8540,1.846,-0.0043039325482954994503925457
2026-09-08,14:55,17,1060538.155,0.86482,917174.60720710,9547.19,926721.79720710,500000,1.8534435944142,1.8534,1.846,-0.0040160889905865330262103774
2026-09-08,14:56,17,1059722.145,0.86482,916468.90543890,9547.19,926016.09543890,500000,1.8520321908778,1.8520,1.847,-0.0027171184726626773180960218
2026-09-08,14:57,17,1059952.515,0.86482,916668.13402230,9547.19,926215.32402230,500000,1.8524306480446,1.8524,1.845,-0.0040112962136767109830661896
2026-09-08,14:58,17,1060017.095,0.86482,916723.98409790,9547.19,926271.17409790,500000,1.8525423481958,1.8525,1.845,-0.0040713499495142605398001448
2026-09-08,14:59,17,1059574.885,0.86482,916341.55204570,9547.19,925888.74204570,500000,1.8517774840914,1.8518,1.845,-0.0036599883893314889561618095
2026-09-08,15:00,17,1059546.115,0.86482,916316.67117430,9547.19,925863.86117430,500000,1.8517277223486,1.8517,1.846,-0.0030931774037142801694606816
2026-09-08,15:01,17,1059119.925,0.86482,915948.09353850,9547.19,925495.28353850,500000,1.850990567077,1.8510,,
2026-09-08,15:02,17,1058188.065,0.86482,915142.20237330,9547.19,924689.39237330,500000,1.8493787847466,1.8494,,
2026-09-08,15:03,17,1057786.445,0.86482,914794.87336490,9547.19,924342.06336490,500000,1.8486841267298,1.8487,,
2026-09-08,15:04,17,1057737.715,0.86482,914752.73068630,9547.19,924299.92068630,500000,1.8485998413726,1.8486,,
2026-09-08,15:05,17,1057932.120,0.86482,914920.85601840,9547.19,924468.04601840,500000,1.8489360920368,1.8489,,
2026-09-08,15:06,17,1058038.780,0.86482,915013.09771960,9547.19,924560.28771960,500000,1.8491205754392,1.8491,,
2026-09-08,15:07,17,1058078.215,0.86482,915047.20189630,9547.19,924594.39189630,500000,1.8491887837926,1.8492,,
2026-09-08,15:08,17,1057978.510,0.86482,914960.97501820,9547.19,924508.16501820,500000,1.8490163300364,1.8490,,
2026-09-08,15:09,17,1057950.850,0.86482,914937.05409700,9547.19,924484.24409700,500000,1.848968488194,1.8490,,
2026-09-08,15:10,17,1058330.860,0.86482,915265.69434520,9547.19,924812.88434520,500000,1.8496257686904,1.8496,,
2026-09-08,15:11,17,1058236.280,0.86482,915183.89966960,9547.19,924731.08966960,500000,1.8494621793392,1.8495,,
2026-09-08,15:12,17,1057699.280,0.86482,914719.49132960,9547.19,924266.68132960,500000,1.8485333626592,1.8485,,
2026-09-08,15:13,17,1057570.025,0.86482,914607.70902050,9547.19,924154.89902050,500000,1.848309798041,1.8483,,
2026-09-08,15:14,17,1057440.115,0.86482,914495.36025430,9547.19,924042.55025430,500000,1.8480851005086,1.8481,,
2026-09-08,15:15,17,1057481.275,0.86482,914530.95624550,9547.19,924078.14624550,500000,1.848156292491,1.8482,,
2026-09-08,15:16,17,1057711.615,0.86482,914730.15888430,9547.19,924277.34888430,500000,1.8485546977686,1.8486,,
2026-09-08,15:17,17,1057684.595,0.86482,914706.79144790,9547.19,924253.98144790,500000,1.8485079628958,1.8485,,
2026-09-08,15:18,17,1057703.075,0.86482,914722.77332150,9547.19,924269.96332150,500000,1.848539926643,1.8485,,
2026-09-08,15:19,17,1057746.785,0.86482,914760.57460370,9547.19,924307.76460370,500000,1.8486155292074,1.8486,,
2026-09-08,15:20,17,1057082.320,0.86482,914185.93198240,9547.19,923733.12198240,500000,1.8474662439648,1.8475,,
2026-09-08,15:21,17,1056892.095,0.86482,914021.42159790,9547.19,923568.61159790,500000,1.8471372231958,1.8471,,
2026-09-08,15:22,17,1056882.950,0.86482,914013.51281900,9547.19,923560.70281900,500000,1.847121405638,1.8471,,
2026-09-08,15:23,17,1056707.820,0.86482,913862.05689240,9547.19,923409.24689240,500000,1.8468184937848,1.8468,,
2026-09-08,15:24,17,1056054.170,0.86482,913296.76729940,9547.19,922843.95729940,500000,1.8456879145988,1.8457,,
2026-09-08,15:25,17,1055842.195,0.86482,913113.44707990,9547.19,922660.63707990,500000,1.8453212741598,1.8453,,
2026-09-08,15:26,17,1055738.810,0.86482,913024.03766420,9547.19,922571.22766420,500000,1.8451424553284,1.8451,,
2026-09-08,15:27,17,1055869.575,0.86482,913137.12585150,9547.19,922684.31585150,500000,1.845368631703,1.8454,,
2026-09-08,15:28,17,1056525.755,0.86482,913704.60343910,9547.19,923251.79343910,500000,1.8465035868782,1.8465,,
2026-09-08,15:29,17,1056756.525,0.86482,913904.17795050,9547.19,923451.36795050,500000,1.846902735901,1.8469,,
2026-09-08,15:30,17,1056894.150,0.86482,914023.19880300,9547.19,923570.38880300,500000,1.847140777606,1.8471,,
2026-09-08,15:31,17,1057169.570,0.86482,914261.38752740,9547.19,923808.57752740,500000,1.8476171550548,1.8476,,
2026-09-08,15:32,17,1057137.610,0.86482,914233.74788020,9547.19,923780.93788020,500000,1.8475618757604,1.8476,,
2026-09-08,15:33,17,1056356.510,0.86482,913558.23697820,9547.19,923105.42697820,500000,1.8462108539564,1.8462,,
2026-09-08,15:34,17,1055973.320,0.86482,913226.84660240,9547.19,922774.03660240,500000,1.8455480732048,1.8455,,
2026-09-08,15:35,17,1055885.110,0.86482,913150.56083020,9547.19,922697.75083020,500000,1.8453955016604,1.8454,,
2026-09-08,15:36,17,1055774.635,0.86482,913055.01984070,9547.19,922602.20984070,500000,1.8452044196814,1.8452,,
2026-09-08,15:37,17,1055687.715,0.86482,912979.84968630,9547.19,922527.03968630,500000,1.8450540793726,1.8451,,
2026-09-08,15:38,17,1055993.415,0.86482,913244.22516030,9547.19,922791.41516030,500000,1.8455828303206,1.8456,,
2026-09-08,15:39,17,1055657.370,0.86482,912953.60672340,9547.19,922500.79672340,500000,1.8450015934468,1.8450,,
2026-09-08,15:40,17,1055198.740,0.86482,912556.97432680,9547.19,922104.16432680,500000,1.8442083286536,1.8442,,
2026-09-08,15:41,17,1053882.715,0.86482,911418.84958630,9547.19,920966.03958630,500000,1.8419320791726,1.8419,,
2026-09-08,15:42,17,1053744.240,0.86482,911299.09363680,9547.19,920846.28363680,500000,1.8416925672736,1.8417,,
2026-09-08,15:43,17,1053710.675,0.86482,911270.06595350,9547.19,920817.25595350,500000,1.841634511907,1.8416,,
2026-09-08,15:44,17,1054454.635,0.86482,911913.45744070,9547.19,921460.64744070,500000,1.8429212948814,1.8429,,
2026-09-08,15:45,17,1054424.940,0.86482,911887.77661080,9547.19,921434.96661080,500000,1.8428699332216,1.8429,,
2026-09-08,15:46,17,1054053.945,0.86482,911566.93271490,9547.19,921114.12271490,500000,1.8422282454298,1.8422,,
2026-09-08,15:47,17,1053691.180,0.86482,911253.20628760,9547.19,920800.39628760,500000,1.8416007925752,1.8416,,
2026-09-08,15:48,17,1054024.570,0.86482,911541.52862740,9547.19,921088.71862740,500000,1.8421774372548,1.8422,,
2026-09-08,15:49,17,1054488.145,0.86482,911942.43755890,9547.19,921489.62755890,500000,1.8429792551178,1.8430,,
2026-09-08,15:50,17,1055148.460,0.86482,912513.49117720,9547.19,922060.68117720,500000,1.8441213623544,1.8441,,
2026-09-08,15:51,17,1054569.270,0.86482,912012.59608140,9547.19,921559.78608140,500000,1.8431195721628,1.8431,,
2026-09-08,15:52,17,1054390.170,0.86482,911857.70681940,9547.19,921404.89681940,500000,1.8428097936388,1.8428,,
2026-09-08,15:53,17,1054030.415,0.86482,911546.58350030,9547.19,921093.77350030,500000,1.8421875470006,1.8422,,
2026-09-08,15:54,17,1054410.605,0.86482,911875.37941610,9547.19,921422.56941610,500000,1.8428451388322,1.8428,,
2026-09-08,15:55,17,1054686.750,0.86482,912114.19513500,9547.19,921661.38513500,500000,1.84332277027,1.8433,,
2026-09-08,15:56,17,1054813.550,0.86482,912223.85431100,9547.19,921771.04431100,500000,1.843542088622,1.8435,,
2026-09-08,15:57,17,1055365.920,0.86482,912701.55493440,9547.19,922248.74493440,500000,1.8444974898688,1.8445,,
2026-09-08,15:58,17,1055083.800,0.86482,912457.57191600,9547.19,922004.76191600,500000,1.844009523832,1.8440,,
2026-09-08,15:59,17,1055382.325,0.86482,912715.74230650,9547.19,922262.93230650,500000,1.844525864613,1.8445,,
2026-09-08,16:08,17,1054667.005,0.86482,912097.11926410,9547.19,921644.30926410,500000,1.8432886185282,1.8433,,
