"标的代码","名称 / 市场"
"159217.SZ","SZ"
"520700.SH","SH"
"159365.SZ","SZ"
"159570.SZ","SZ"
"513920.SH","SH"
"513830.SH","SH"
"159303.SZ","SZ"
"513910.SH","SH"
"159920.SZ","SZ"
"159040.SZ","SZ"
"159117.SZ","SZ"
"159125.SZ","SZ"
"520770.SH","SH"
"159118.SZ","SZ"
"159850.SZ","SZ"
"526030.SH","SH"
"513660.SH","SH"
"520990.SH","SH"
"159333.SZ","SZ"
"513200.SH","SH"
"513060.SH","SH"
"520710.SH","SH"
"513240.SH","SH"
"159105.SZ","SZ"
"159711.SZ","SZ"
"159718.SZ","SZ"
"513600.SH","SH"
"159792.SZ","SZ"
"513810.SH","SH"
"513020.SH","SH"
"526000.SH","SH"
"159557.SZ","SZ"
"513210.SH","SH"
"159268.SZ","SZ"
"520560.SH","SH"
"159776.SZ","SZ"
"159137.SZ","SZ"
"513150.SH","SH"
"513990.SH","SH"
"520530.SH","SH"
"159318.SZ","SZ"
"159751.SZ","SZ"
"159269.SZ","SZ"
"159251.SZ","SZ"
"159271.SZ","SZ"
"159712.SZ","SZ"
"159126.SZ","SZ"
"520940.SH","SH"
"513550.SH","SH"
"159266.SZ","SZ"
"510900.SH","SH"
"520890.SH","SH"
"159131.SZ","SZ"
"159312.SZ","SZ"
"513750.SH","SH"
"159892.SZ","SZ"
"513860.SH","SH"
"526010.SH","SH"
"159615.SZ","SZ"
"159167.SZ","SZ"
"520750.SH","SH"
"513780.SH","SH"
"159185.SZ","SZ"
"513980.SH","SH"
"520510.SH","SH"
"159169.SZ","SZ"
"513120.SH","SH"
"513280.SH","SH"
"159506.SZ","SZ"
"520690.SH","SH"
"520810.SH","SH"
"159545.SZ","SZ"
"513800.SH","SH"
"159130.SZ","SZ"
"520930.SH","SH"
"159316.SZ","SZ"
"159102.SZ","SZ"
"520500.SH","SH"
"520970.SH","SH"
"520760.SH","SH"
"513930.SH","SH"
"526050.SH","SH"
"159569.SZ","SZ"
"520950.SH","SH"
"513820.SH","SH"
"520880.SH","SH"
"159302.SZ","SZ"
"159735.SZ","SZ"
"159331.SZ","SZ"
"520900.SH","SH"
"520660.SH","SH"
"159091.SZ","SZ"
"159691.SZ","SZ"
"159198.SZ","SZ"
"513630.SH","SH"
"520850.SH","SH"
"513620.SH","SH"
"159726.SZ","SZ"
"159286.SZ","SZ"
"513950.SH","SH"
"520820.SH","SH"
"159132.SZ","SZ"
"159127.SZ","SZ"
"520960.SH","SH"
"513690.SH","SH"
"513700.SH","SH"
"520520.SH","SH"
"513970.SH","SH"
"159237.SZ","SZ"
"520910.SH","SH"
"513260.SH","SH"
"520590.SH","SH"
"159323.SZ","SZ"
"513010.SH","SH"
"159366.SZ","SZ"
"520550.SH","SH"
"159742.SZ","SZ"
"513070.SH","SH"
"513180.SH","SH"
"513170.SH","SH"
"159245.SZ","SZ"
"159101.SZ","SZ"
"159519.SZ","SZ"
"520620.SH","SH"
"159280.SZ","SZ"
"159121.SZ","SZ"
"159281.SZ","SZ"
"513380.SH","SH"
"520680.SH","SH"
"159152.SZ","SZ"
"159010.SZ","SZ"
"159750.SZ","SZ"
"513330.SH","SH"
"159202.SZ","SZ"
"159186.SZ","SZ"
"159960.SZ","SZ"
"520790.SH","SH"
"513890.SH","SH"
"520780.SH","SH"
"520570.SH","SH"
"159239.SZ","SZ"
"513230.SH","SH"
"159568.SZ","SZ"
"520920.SH","SH"
"159028.SZ","SZ"
"520650.SH","SH"
"159210.SZ","SZ"
"159699.SZ","SZ"
"159135.SZ","SZ"
"520740.SH","SH"
"159015.SZ","SZ"
"159262.SZ","SZ"
"520840.SH","SH"
"159120.SZ","SZ"
"520610.SH","SH"
"513770.SH","SH"
"159567.SZ","SZ"
"159741.SZ","SZ"
"159747.SZ","SZ"
"513130.SH","SH"
"513160.SH","SH"
"526070.SH","SH"
"520980.SH","SH"
"159109.SZ","SZ"
"159220.SZ","SZ"
"159277.SZ","SZ"
"520860.SH","SH"
"520730.SH","SH"
"513190.SH","SH"
"513090.SH","SH"
"520670.SH","SH"
"513140.SH","SH"
"513040.SH","SH"
"159128.SZ","SZ"
"159740.SZ","SZ"
"520630.SH","SH"
"159143.SZ","SZ"
"159170.SZ","SZ"
"159285.SZ","SZ"
"513590.SH","SH"
"159179.SZ","SZ"
"159265.SZ","SZ"
"520720.SH","SH"
"513530.SH","SH"
"159297.SZ","SZ"
"159954.SZ","SZ"
"159636.SZ","SZ"
"159191.SZ","SZ"
"513320.SH","SH"
"513900.SH","SH"
"520600.SH","SH"
"513560.SH","SH"
"159788.SZ","SZ"
"513720.SH","SH"
"513580.SH","SH"
"159196.SZ","SZ"
"159688.SZ","SZ"