list_order,code,market,fund_name,latest_updated_prospectus_date,latest_prospectus_any_date,latest_product_summary_date,pcf_asof,pcf_rows,pcf_cash_flag,pcf_has_159900,prospectus_basis,creation_buy_deadline,redemption_sell_deadline,subscription_cash_substitution_mode,subscription_cash_substitution_settlement_time,subscription_fund_units_settlement_time,subscription_fund_units_available_time,cash_difference_announcement_time,cash_difference_clearing_time,cash_difference_settlement_time,subscription_cash_substitution_refund_time,redemption_fund_units_settlement_time,redemption_cash_substitution_mode,redemption_cash_substitution_arrival_time,same_day_netting_basis,nav_calculation_time,nav_announcement_time,nav_price_basis,nav_precision,nav_fx_source,nav_fx_reference_time,nav_fx_currency_scope,nav_fx_fallback,creation_replacement_fx_rule,creation_replacement_fx_source,creation_replacement_fx_reference_time,creation_replacement_fx_currency,redemption_replacement_fx_rule,redemption_replacement_fx_source,redemption_replacement_fx_reference_time,redemption_replacement_fx_currency,cash_substitution_fee_rule,iopv_formula,iopv_price_basis,iopv_fx_source,iopv_fx_reference_time,iopv_publisher,iopv_frequency_precision,rtgs_subscription,rtgs_basis,rtgs_note,same_day_netting_manager,same_day_netting_evidence,cash_difference_schedule,creation_cash_sub_schedule,redemption_cash_sub_schedule,overall_status,evidence_url,prospectus_file,prospectus_text_file,open_question
1,159217,SZ,工银国证港股通创新药ETF,2025-11-28,2025-11-28,2025-11-28,2026-09-09,37,必须,YES,updated,T日内,T日内,日间 RTGS/实时逐笔全额；日间未完成时日终逐笔全额非担保交收,T日日间 RTGS/实时逐笔全额交收；日间未完成时 T日日终交收,T 日,T日（基金份额交收完成后；招募书未另行说明可卖出时点）,T+1日,T+2 日,T+2 日,T+6 日（指开放日）内,T 日,代收代付,自有效赎回申请之日起 7 个开放日内,招募书未直接说明,T日收市后计算,收市后；公告时点按基金合同/招募书约定,交易所上市的有价证券的估值 （1）交易所上市的有价证券（包括股票等），以其估值日在证券交易所挂牌的市价（收盘价）估值；估值日无交易的，且最近交易日后经济环境未发生重大变化或证券发行机构未发生影响证券价格的重大事件的，以最近交易日的市价（收盘价）估值；如最近交易日后经济环境发生了重大变化或证券发行机构发生影响证券价格的重大事件的，可参考类似投资品种的现行市价及重大变化因素，调整最近交易市价，确定公允价格。 （2）交易所上市交易或挂牌转让的不含权固定收益品种（另有规定的除外），选取估值日第三方估值基准服务机构提供的相应品种当日的估值全价进行估值。 （3）交易所上市交易或挂牌转让的含权固定收益品种（另有规定的除外），选取估值日第三方估值基准服务机构提供的相应品种当日的唯一估值全价或推荐估值全价进行估值。 （4）交易所市场上市交易的公开发行的可转换债券等有活跃市场的含转股权的债券， 实行全价交易的债券选取估值日收盘价作为估值全价；实行净价交易的债券选取估值日收盘价并加计每百元税前应计利息作为估值全价。 （5）交易所上市不存在活跃市场的有价证券，采用估值技术确定公允价值。交易所市场挂牌转让的资产支持证券，采用估值技术确定公允价值。 （6）对在交易所市场发行未上市或未挂牌转让的债券，对存在活跃市场的情况下，应以活跃市场上未经调整的报价作为估值日的公允价值；对于活跃市场报价未能代表估值日公工银瑞信国证港股通创新药交易型开放式指数证券投资基金更新的招募说明,小数点后4位；第5位四舍五入,招募书未直接说明,待人工复核,原文未明确币种,待人工复核,申购替代金额的处理程序基金管理人在 T 日以收到的替代金额代投资者买入被替代证券。基金管理人有权根据基金投资的需要自主决定不买入部分被替代证券，或者不进行任何买入被替代证券的操作。正常情况下，对于确认成功的 T 日申购申请，基金管理人根据 T 日所购入的被替代证券的实际单位购入成本（包括买入价格与相关费用，折算为人民币）和未买入的被替代证券 T 日收盘价（折算为人民币，被替代证券当日在证券交易所无交易的，取最近交易日的收盘价；交易日无收盘价的，取最后成交价）计算被替代证券的单位结算成本，在此基础上根据替代证券数量和申购替代金额确定基金应退还投资者或投资者应补交的款项。T+6 日（指开放日）内， 基金管理人将应退款或补款的明细及汇总数据发送给登记机构，登记机构办理现金替代多退少补资金的清算，并将结果发送给申购赎回代理券商和结算参与人，由相关申购赎回代理券工银瑞信国证港股通创新药交易型开放式指数证券投资基金更新的招募说明书 31 商和结算参与人办理交收。基金管理人可以对交收日期进行相应调整。 如遇港股通临时停市、港股通交易每日额度等特殊情况，组合证券的代理买入及结算价格可依次顺延至下一港股通交易日直至交易正常。如遇证券长期停牌、流动性不足等可能导致收盘价或最后成交价不公允的特殊情况，可参照证券的估值价格，对结算价格进行调整， 如果基金管理人认为该证券复牌后的价格可能存在较大波动，且可能对基金资产净值产生较大影响，为了更好的维护基金份额持有人利益，该证券对应的现金替代退补款的清算交收可按照其复牌后实际交易成本或者基金管理人认为合理的价格办理。在此期间若该证券发生除息、送股（转增）、配股等重要权益变动，则进行相应调整。 3）赎回替代金额的处理程序基金管理人在 T 日根据赎回申请代投资者卖出被替代证券。基金,原文提到折算汇率，但未抽取出具体来源,原文未明确取价时点,港币/港元折算为人民币,基金管理人可以对交收日期进行相应调整。 如遇港股通临时停市、港股通交易每日额度等特殊情况，组合证券的代理买入及结算价格可依次顺延至下一港股通交易日直至交易正常。如遇证券长期停牌、流动性不足等可能导致收盘价或最后成交价不公允的特殊情况，可参照证券的估值价格，对结算价格进行调整， 如果基金管理人认为该证券复牌后的价格可能存在较大波动，且可能对基金资产净值产生较大影响，为了更好的维护基金份额持有人利益，该证券对应的现金替代退补款的清算交收可按照其复牌后实际交易成本或者基金管理人认为合理的价格办理。在此期间若该证券发生除息、送股（转增）、配股等重要权益变动，则进行相应调整。 3）赎回替代金额的处理程序基金管理人在 T 日根据赎回申请代投资者卖出被替代证券。基金管理人有权根据基金投资的需要自主决定不卖出部分被替代证券，或者不进行任何卖出被替代证券的操作。正常情况下，对于确认成功的 T 日赎回申请，基金管理人根据 T 日所卖出的被替代证券的实际单位卖出金额（扣除相关费用，折算为人民币）和未卖出的被替代证券的 T 日收盘价（折算为人民币，被替代证券当日在证券交易所无交易的，取最近交易日的收盘价；交易日无收盘价的，取最后成交价）计算被替代证券的单位结算金额，在此基础上根据替代证券数量确定赎回替代金额。T+6 日（指开放日）内，基金管理人将应支付的赎回替代金额的明细及汇总数据发送给登记机构，登记机构办理赎回替代金额的清算，并将结果发送给申购赎回代理券商和结算参与人，由与相关申购赎回代理券商和结算参与人办理交收，当交收期间出现港股通交易日为非港股通交收日时，款项交收日期顺延。基金管理人可以对交收日期进行相应调整。 如遇港股通临时停市等特殊情况，组合证券的代理卖出及结算价格可依次顺延至下一港股通交易日直至交易正常。如遇证券长期停牌、流动性不足等可能导致收盘价或最后成交价不公允的特殊情况，可参照证券的估值价格，对结算价格进行调整，如果基金管理人认为该证券复牌后的价格可能存在较大波动，且可能对基金资产净值产生较大影响，为了更好的维护基金份额持有人利益，该证券对应的赎回替代金额的清算交收可按照其复牌后实际交易成本或者基金管理人认为合理的价格办理。在此期间若该证券发生除息、送股（转增）、配股等重要权益变动，则进行相应调整。 4）基金管理人可以根据具体情况，对上述 2）和 3）的申购、赎回替代金额,原文提到折算汇率，但未抽取出具体来源,原文未明确取价时点,港币/港元折算为人民币,申购：实际买入/购入成本包括买入价格与相关费用；赎回：实际卖出金额扣除相关费用,基金份额参考净值=（申购赎回清单中必须用现金替代的替代金额+申购赎回清单中可以用现金替代成份证券的数量与最新成交价的乘积之和+申购赎回清单中的预估现金差额）/ 最小申购赎回单位对应的基金份额（最新成交价按照人民币对港币的汇率调整为人民币价格）,最新成交价；收盘价,汇率公允价包括国证指数有限公司在发布和计算境外指数产品中采用的实时汇率价格、基金管理人与基金托管人商定的其他公允价格（如：中国人民银行或其授权机构最新公布的人民币汇率中间价、中国人民银行或国家外汇管理局或中国外汇交易中心正式对外发文后公布的人民币兑主要外汇当日收盘价）等,当日,基金管理人或其委托机构计算；深圳证券交易所发布,开市后,PASS,fund_document,现金替代、现金差额及其他对价的清算交收适用深圳证券交易所、登记机构的相关规定和参与各方相关协议的有关规定。 本基金现金申购业务中的现金替代采用实时逐笔全额结算（RTGS）与日终逐笔全额非担保交收的方式处理；现金赎回业务涉及的现金替代可采用代收代付处理；现金申购、赎回业务涉及的现金差额和现金替代退补款采用代收代付处理。 工银瑞信国证港股通创新药交易型开放式指数证券投资基金更新的招募说明书 28 投资者 T 日提交的现金申购申请受理后，日间完成 RTGS 交收部分，登记机构在 T 日为该投资者办理基金份额登记以及现金替代的交收；日间未完成 RTGS 交收部分，登记机构在 T 日日终根据勾单情况及资金是否足额为投资者办理基金份额登记与现金替代的交收，并将结果发送给申购赎回代理券商、基金,PENDING,not_found,T+2清算；T+2交收,T 日收盘价（折算为人民币，被替代证券当日在证券交易所无交易的，取最近交易日的收盘价,T 日根据赎回申请代投资者卖出被替代证券,PENDING,"https://fund.eastmoney.com/gonggao/159217,AN202511271789451996.html",/Users/ellis/工具程序开发/港股通逐标的分析/临时数据/159217/159217_更新招募说明书_20251128.pdf,/Users/ellis/工具程序开发/港股通逐标的分析/临时数据/159217/159217_更新招募说明书_20251128.txt,向基金管理人/托管运营确认同日申赎是否按证券维度净额下单
2,520700,SH,万家中证港股通创新药ETF,2026-01-21,2026-01-21,2026-01-21,2026-09-09,42,必须,NO,updated,T日内,T日内,招募书未直接说明,T 日,T 日,T日（T日日间完成 RTGS）；T+1日（T日日终逐笔全额非担保交收）,T+1日,T+1 日内,T+2 日内,T 日后的 3 个港股通交易日内,T 日,代收代付,自有效赎回申请之日起7 个工作日内,对于 T 日的申购赎回申请，基金管理人有权进行轧差处理，针对净申购， 购入净申购份额对应的组合证券中被替代证券， 针对净赎回， 卖出净赎回份额对应的组合证券中被替代证券， 基金管理人有权购入或者卖出不等于轧差处理万家中证港股通创新药交易型开放式指数证券投资基金更新招募说明书 （2026 年第 1 号） 37 后的上述被替代证券的任意数量,T日收市后计算,T+1日内公告,交易所上市的有价证券的估值 （1） 交易所上市的有价证券 （包括股票等） ， 以其估值日在证券交易所挂牌的市价 （收盘价） 估值； 估值日无交易的， 且最近交易日后经济环境未发生重大变化且证券发行机构未发生影响证券价格的重大事件的，以最近交易日的市价 （收盘价） 估值； 如最近交易日后经济环境发生了重大变化或证券发行机构发生影响证券价格的重大事件的，可参考类似投资品种的现行市价及重大变化因素， 调整最近交易市价，确定公允价格； （2）交易所已上市或已挂牌转让的不含权固定收益品种，选取估值日第三方估值基准服务机构提供的相应品种当日的估值全价进行估值； （3）交易所已上市或已挂牌转让的含权固定收益品种，选取估值日第三方估值基准服务机构提供的相应品种当日的唯一估值全价或推荐估值全价进行估值； （4）交易所已上市或已挂牌转让的含投资者回售权的固定收益品种，行使回售权的， 在回售登记日至实际收款日期间选取第三方估值基准服务机构提供的相应品种的唯一估值全价或推荐估值全价进行估值， 同时充分考虑发行人的信用风险变化对公允价值的影响。 回售登记期截止日 （含当日） 后未行使回售权的按照长待偿期所对应的价格进行估值； （5）交易所上市交易的公开发行的可转换债券等有活跃市场的含转股权的债券， 实行全价交易的债券选取估值日收盘价作为估值全价； 实行净价交易的债券选取估值日收盘价并加计每百元税前应计利息作为估值全价； （6）交易所上市不存在活跃市场的有价证券，采用,小数点后4位；第5位四舍五入,4、法律、行政法规或监管部门取消或变更上述限制，如适用于本基金，基金管理人在履行适当程序后， 则本基金投资不再受相关限制或以变更后的规定为准。 五、业绩比较基准本基金的业绩比较基准为标的指数收益率， 即中证港股通创新药指数收益率万家中证港股通创新药交易型开放式指数证券投资基金更新招募说明书 （2026 年第 1 号） 50 （经估值汇率调整）。 本基金以“紧密跟踪标的指数， 追求跟踪偏离度和跟踪误差的最小化”作为投资目标， 在投资中将不低于基金资产净值90%的资产投资于标的指数成份股及备选成份股， 因此选取中证港股通创新药指数收益率作为业绩比较基准， 能够比较真实、客观地反映本基金的风险收益特征。 未来若出现标的指数不符合法律法规及监管要求 （因成份股价格波动等指数编制方法变动之外的因素致使标的指数不符合要求的情形除外） 、指数编制机构退出等情形， 基金管理人应当自该情形发生之日起十个工作日向中国证监会报告并提出解决方案， 如更换基金标的指数、 转换运作方式、 与其他基金合并、 或者终止基金合同等， 并在6 个月内召集基金份额持有人大会进行表决， 基金份额持有人大会未成功召开或就上述事项表决未通过的，基金合同终止。 自指数编制机构停止标的指数的编制及发布至解决方案确定期间， 基金管理人应按照指数编制机构提供的最近一个交易日的指数信息遵循基金份额持有人利益优先原则维持基金投资运作。 若基金标的指数发生变更（包括但不限于指数编制单位更名、 指数更名等事项），基金业绩比较基准随之变更，基金管理人可依据维护基金份额持有人合法权益的原则， 根据投资情况和市场惯例调整基金业绩比较基准， 无需召开基金份额持有人大会。 法律法规或监管机构另有规定的，从其规定。 六、风险收益特征本基金为股票型基金，其长期平均风险和预期收益率理论上高于混合型基金、债券型基金和货币市场基金。 本基金为指数型基金， 主要采用完全复制法跟踪中证港股通创新药指数， 其风险收益特征与标的指数所表征的市场组合的风险收益特征相似。 本基金可投资于港股通标的股票， 会面临港股通机制下因投资环境、 投资标的、 市场制度以及交易规则等差异带来的特有风险， 包括港股市场股价波动较大的风险、汇率风险、港股通机制下交易日不连贯可能带来的风险等。 七、基金管理人代表基金行使股东或债权人权利的处理原则及方法,原文未明确取价时点,原文未明确币种,原文未明确备用汇率处理,申购现金替代保证金的处理程序 T 日，基金管理人在申购赎回清单中公布现金替代溢价比例，并据此收取申购现金替代保证金。 正常情况下，基金管理人在 T 日以收到的替代金额代投资者买入被替代证万家中证港股通创新药交易型开放式指数证券投资基金更新招募说明书 （2026 年第 1 号） 35 券。 基金管理人有权在T 日内任意时刻， 以收到的申购替代金额代投资者购入组合证券中被替代证券的任意数量。对于确认成功的T 日申购申请，T 日终，基金管理人根据所购入的被替代组合证券的实际单位购入成本 （包括买入价格与相关费用，折算为人民币，折算汇率采用当天的港股通结算汇兑比率） 、未购入的被替代组合证券的T 日收盘价 （折算为人民币， 折算汇率采用当天的估值汇率； 被替代组合证券T 日无交易的， 取最近交易日的收盘价； 交易日无收盘价的， 取最后成交价） 计算并确定被替代组合证券的单位结算成本， 在此基础上根据替代组合证券数量和申购现金替代保证金确定基金应退还投资人的款项或投资人应补交的款项。 未购入部分包含因申购赎回轧差处理而未实际购入的申购申请对应的被替代组合证券。 未来基金管理人有权视产品运行情况， 经与基金托管人协商一致，对折算汇率和未购入被替代证券的计算价格进行调整，并提前公告。 正常情况下，T 日后的 3 个港股通交易日内，基金管理人将应退款或补款与相关申购赎回代理券商办理交收。 当交收期间出现港股通交易日为非港股通交收日时， 款项交收日期可以相应顺延。 若发生特殊情况， 基金管理人可以对交收日期进行相应调整。 如遇港股通临时停市、 港股通交易每日额度或总额度不足等特殊情况， 基金管理人可考虑根据实际情况将组合证券的代理买入及结算价格可依次顺延至下一港股通交易日直至交易正常。 如遇证券长期停牌、 流动性不足等可能导致收盘价或最后成交价不公允的特殊情况， 可参照证券的估值价格， 对结算价格进行调整， 如果基金管理人认为该证券复牌后的价格可能存在较大波动， 且可能对基金资产净值产生较大影响， 为了更好的维护,折算汇率采用当天的港股通结算汇兑比率） 、未购入的被替代组合证券的T 日收盘价 （折算为人民币， 折算汇率采用当天的估值汇率,当天,港币/港元折算为人民币,赎回替代金额的处理程序正常情况下， 基金管理人在T 日根据赎回申请代投资者卖出被替代证券。 基金管理人有权在 T 日内任意时刻代投资者卖出组合证券中被替代证券的任意数量。对于确认成功的T 日赎回申请，T 日内基金管理人根据所卖出的被替代组合证券的实际单位卖出所得 （扣除相关费用， 折算为人民币， 折算汇率采用当天的港股通结算汇兑比率） 、 未卖出的被替代组合证券的T 日收盘价 （折算为人民币， 万家中证港股通创新药交易型开放式指数证券投资基金更新招募说明书 （2026 年第 1 号） 36 折算汇率采用当天的估值汇率； 被替代组合证券T 日无交易的， 取最近交易日的收盘价； 交易日无收盘价的， 取最后成交价） 计算并确定被替代组合证券的单位结算成本， 在此基础上根据替代组合证券数量确定赎回替代金额。 未卖出部分包含因申购赎回轧差处理而未实际卖出的赎回申请对应的被替代组合证券。 。未来基金管理人有权视产品运行情况， 经与基金托管人协商一致， 对折算汇率和计未卖出被替代证券的计算价格进行调整，并提前公告。 正常情况下，T 日后的第 2 个港股通交收日后的第 2 个工作日内，基金管理人将应支付的赎回替代金额与相关申购赎回代理机构办理交收。 当交收期间出现港股通交易日为非港股通交收日时， 款项交收日期顺延。 若发生特殊情况， 基金管理人可以对交收日期进行相应调整。 如遇港股通临时停市等特殊情况， 组合证券的代理卖出及结算价格可依次顺延至下一港股通交易日直至交易正常。 如遇证券长期停牌、 流动性不足等可能导致收盘价或最后成交价不公允的特殊情况， 可参照证券的估值价格， 对结算价格进行调整， 如果基金管理人认为该证券复牌后的价格可能存在较大波动， 且可能对基金资产净值产生较大影响， 为了更好的维护持有人利益， 该证券对应的现金替代款的清算交收可在其复牌后按照实际交易成本办理,折算汇率采用当天的港股通结算汇兑比率） 、 未卖出的被替代组合证券的T 日收盘价 （折算为人民币， 万家中证港股通创新药交易型开放式指数证券投资基金更新招募说明书 （2026 年第 1 号） 36 折算汇率采用当天的估值汇率,当天,港币/港元折算为人民币,申购：实际买入/购入成本包括买入价格与相关费用,基金份额参考净值＝ （申购赎回清单中必须现金替代的替代金额+申购赎回清单中可以现金替代成份证券的数量、 最新成交价与汇率公允价相乘之和+申购赎回清单中的预估现金部分）/最小申购、赎回单位对应的基金份额,组合证券实时成交数据；最新成交价,汇率公允价包括指数公司在发布和计算境外指数产品中采用的实时汇率价格、基金管理人审慎决定的其他公允价格等,实时汇率数据,基金管理人或其委托机构计算；深圳证券交易所发布,开市后；四舍五入保留小数点后4位,PASS,fund_document,的“风险揭示”部分。 根据本基金现行适用的清算交收和申赎处理规则， 投资者当日申购的基金份额，清算交收完成后方可卖出和赎回，即 T 日申购的基金份额且日间完成 RTGS （实时逐笔全额结算）交收，T 日可卖出和赎回，而T 日申购的基金份额且日终完成逐笔全额非担保交收，T+1 日方可卖出和赎回；T 日竞价买入的基金份额，T 日可以赎回和卖出。 投资者投资于本基金前请认真阅读证券交易所及登记机构的相关业务规则及其不时的更新， 确保具备相关专业知识、 清楚了解相关规则流程后方可参与本基金的认购、申购、赎回及交易。投资者一旦认购、申购或赎回本基金，即表示对基金认购、 申购和赎回所涉及的基金份额的证券变更登记方式以及申购赎回所涉及现金替代、现金差额等相关的交收方式已经认可。 基金管理人提醒,PASS,fund_specific_explicit,T+1清算；T+2交收,T 日后的 3 个港股通交易日内，基金管理人将应退款或补款与相关申购赎回代理券商办理交收,T 日根据赎回申请代投资者卖出被替代证券,PASS,"https://fund.eastmoney.com/gonggao/520700,AN202601201818162183.html",/Users/ellis/工具程序开发/港股通逐标的分析/临时数据/520700/520700_更新招募说明书_20260121.pdf,/Users/ellis/工具程序开发/港股通逐标的分析/临时数据/520700/520700_更新招募说明书_20260121.txt,
3,159365,SZ,富国恒指港股通ETF,2026-08-27,2026-08-27,2026-08-27,2026-09-09,88,必须,YES,updated,T日内,T日内,招募书未直接说明,T 日,T 日,T日（T日日间完成 RTGS）；T+1日（T日日终逐笔全额非担保交收）,T+1日,T+1 日,T+2 日,T 日后的 5 个工作日内,T 日,代收代付,T 日后的第 4 个港股通交收日后的 1 个工作日内,招募书未直接说明,T日收市后计算,T+1日内公告,交易所上市的有价证券 （包括股票等） ， 以其估值日在证券交易所挂牌的市价 （收盘价） 估值；估值日无交易的， 且最近交易日后经济环境未发生重大变化且证券发行机构未发生影响证券价格的重大事件的， 以最近交易日的市价 （收盘价） 估值； 如最近交易日后经济环境发生了重大变化或证券发行机构发生影响证券价格的重大事件的， 可参考类似投资品种的现行市价及重大变化因素， 调整最近交易市价，确定公允价格。 2、处于未上市期间以及流通受限的有价证券应区分如下情况处理： （1）送股、转增股、配股和公开增发的新股，按估值日在证券交易所挂牌的同一股票的估值方法估值； 该日无交易的， 以最近一日的市价 （收盘价） 估值； （2）首次公开发行未上市的股票，采用估值技术确定公允价值； （3）流通受限股票，包括非公开发行股票、首次公开发行股票时公司股东公开发售股份、 通过大宗交易取得的带限售期的股票等 （不包括停牌、 新发行未上市、回购交易中的质押券等流通受限股票） ，按监管机构或行业协会有关规定确定公允价值。 3、对于已上市或已挂牌转让的不含权固定收益品种，选取第三方估值基准服务机构提供的相应品种当日的估值全价进行估值。 4、对于已上市或,小数点后4位；第5位四舍五入,3、业绩比较基准本基金的业绩比较基准为恒指港股通指数收益率（使用估值汇率折算） 。 若基金标的指数发生变更， 基金业绩比较基准随之变更， 由基金管理人根据标的指数变更情形履行对应适当程序， 并在调整实施前依照 《信息披露办法》 的有关规定在中国证监会规定媒介上刊登公告。 六、 风险收益特征本基金属于股票型基金， 预期风险与预期收益高于混合型基金、 债券型基金与货币市场基金。 本基金主要投资于标的指数成份股及备选成份股， 具有与标的指数相似的风险收益特征。 本基金投资港股通标的股票， 将承担港股通机制下因投资环境、投资标的、市场制度以及交易规则等差异带来的特有风险。 招募说明书（更新） 68 七、 基金管理人代表基金行使股东或债权人权利的处理原则及方法,原文未明确取价时点,原文未明确币种,原文未明确备用汇率处理,申购替代金额的处理程序对于确认成功的 T 日申购申请，T 日内基金管理人根据申购规模进行组合证券的代理买入。 基金管理人有权根据基金投资的需要自主决定不买入部分被替代证券，或者不进行任何买入证券的操作。T 日日终，基金管理人根据所购入的被替代组合证券的实际单位购入成本、 实际购入的相关费用 （实际购入金额根据港股通相关业务规则按当天的港股通卖出结算汇兑比率结算为人民币） 、未购入的被替代组合证券的 T 日收盘价 （折算为人民币， 折算汇率采用基金管理人和基金托管人商定的汇率公允价， 包括中国外汇交易中心公布的北京时间16:00 参考汇率、 港股通买入结算汇兑比率和卖出结算汇兑比率的算术平均值、 中国人民银行或其授权机构公布的人民币汇率中间价、与基金托管人商定的其他公允价格等； 被替代组合证券 T 日无交易的， 取最近交易日的收盘价； 交易日无收盘价的， 取最后收盘价） 计算并确定被替代组合证券的单位结算成本， 在此基础上根据替代组合证券数量和申购现金替代保证金确定基金应退还投资人的款项或投资人应补交的款项。 若发生特殊情况， 包括如遇港股通结算异常等， 基金管理人可以对折算汇率和结算成本进行相应调整。T 日后的 5 个工作日内， 基金管理人将应退款或补款与相关申购赎回代理机构办理交收。 若发生特殊情况， 基金管理人可以对交收日期进行相应调整。 如遇港股通临时停市、 港股通交易每日额度或总额度不足等特殊情况， 组合证券的代理买入及结算价格可依次顺延至下一港股通交易日直至交易正常。 如遇招募说明书（更新） 50 证券长期停牌、流动性不足等可能导致收盘价或最后成交价不公允的特殊情况， 可参照证券的估值价格， 对结算成本进行调整。 如果基金管理人认为该证券复牌后的价格可能存在较大波动， 且可,折算汇率采用基金管理人和基金托管人商定的汇率公允价， 包括中国外汇交易中心公布的北京时间16:00 参考汇率、 港股通买入结算汇兑比率和卖出结算汇兑比率的算术平均值、 中国人民银行或其授权机构公布的人民币汇率中间价、与基金托管人商定的其他公允价格等,北京时间16:00,港币/港元折算为人民币,对交收日期进行相应调整。 如遇港股通临时停市、 港股通交易每日额度或总额度不足等特殊情况， 组合证券的代理买入及结算价格可依次顺延至下一港股通交易日直至交易正常。 如遇招募说明书（更新） 50 证券长期停牌、流动性不足等可能导致收盘价或最后成交价不公允的特殊情况， 可参照证券的估值价格， 对结算成本进行调整。 如果基金管理人认为该证券复牌后的价格可能存在较大波动， 且可能对基金资产净值产生较大影响， 为了更好的维护持有人利益， 该证券对应的现金替代款的清算交收可在其复牌后按照实际交易成本办理。 在此期间若该证券发生除息、 送股 （转增） 、 配股等重要权益变动， 则进行相应调整。 ④赎回替代金额的处理程序对于确认成功的 T 日赎回申请，T 日内基金管理人根据赎回规模进行组合证券的代理卖出。 基金管理人有权根据基金投资的需要自主决定不卖出部分被替代证券， 或者不进行任何卖出证券的操作。T 日内基金管理人根据所卖出的被替代组合证券的实际单位卖出金额、 实际卖出的相关费用（实际卖出金额根据港股通相关业务规则按当天的港股通买入结算汇兑比率结算为人民币）、未卖出的被替代组合证券的 T 日收盘价 （折算为人民币， 折算汇率采用基金管理人和基金托管人商定的汇率公允价，包括中国外汇交易中心公布的北京时间 16:00 参考汇率、 港股通买入结算汇兑比率和卖出结算汇兑比率的算术平均值、 中国人民银行或其授权机构公布的人民币汇率中间价、 与基金托管人商定的其他公允价格等； 被替代组合证券 T 日无交易的， 取最近交易日的收盘价； 交易日无收盘价的， 取最后收盘价） 计算并确定被替代组合证券的单位结算金额， 在此基础上根据替代组合证券数量确定赎回替代金额。若发生特殊情况， 包括如遇港股通结算异常等， 基金管理人可以对折算汇率和结算金额进行相应调整。T 日后的第 4 个港股通交收日后的 1 个工作日内， 基金管理人将应支付的赎回现金替代款与相关申购赎回代理机构办理交收。若发生特殊情况，基金管理人可以对交收日期进行相应调整。 如遇港股通临时停市等特殊情况， 组合证券的代理卖出及结算价格可依次顺延至下一港股通交易日直至交易正常。 如遇证券长期停牌、 流动性不足等可能导致收盘价或最后成交价不公允的特殊情况， 可参照证券的估值价格， 对结算价格进行调整。 如果基金管理人认为该证券复牌后的价格可能存在,折算汇率采用基金管理人和基金托管人商定的汇率公允价，包括中国外汇交易中心公布的北京时间 16:00 参考汇率、 港股通买入结算汇兑比率和卖出结算汇兑比率的算术平均值、 中国人民银行或其授权机构公布的人民币汇率中间价、 与基金托管人商定的其他公允价格等,北京时间 16:00,港币/港元折算为人民币,原文涉及相关费用，具体计入/扣除方式待人工复核,基金份额参考净值＝ （申购赎回清单中必须用现金替代的成份证券的必须替代金额之和+申购赎回清单中可以用现金替代的成份证券的数量与最新成交价乘积之和+申购赎回清单中的预估现金差额） /最小申购赎回单位对应的基金份额,组合证券实时成交数据；最新成交价；收盘价,汇率公允价包括中证指数有限公司在发布和计算境外指数产品中采用的实时汇率价格、 基金管理人审慎决定的其他公允价格 （如： 中国人民银行或国家外汇管理局或中国外汇交易中心正式对外发文后公布的人民币兑主要外汇当日收盘价， 如上述机构未正式发文规定公布上述收盘价，则为中国人民银行或其授权机构最新公布的人民币汇率中间价） 等,当日,基金管理人或其委托机构计算；深圳证券交易所发布,交易时间内；四舍五入保留小数点后4位,PASS,fund_document,份额持有人大会审议。 根据本基金现行适用的清算交收和申赎处理规则， 投资者当日申购的基金份额，清算交收完成后方可卖出和赎回，即 T 日申购的基金份额且日间完成 RTGS （实时逐笔全额结算）交收的，T 日可卖出和赎回，而T 日申购的基金份额且日终完成逐笔全额非担保交收的，T+1 日方可卖出和赎回；T 日竞价买入的基金份额，T 日可以卖出或赎回；T 日大宗买入的基金份额，T 日可以大宗卖出，T+1 日可以竞价卖出或赎回。 投资有风险， 投资者认购 （或申购） 基金时应认真阅读本招募说明书、 基金合同、 基金产品资料概要等信息披露文件， 自主判断基金的投资价值， 自主做出投资决策，自行承担投资风险。基金管理人提醒投资者基金投资的“买者自负” 原则， 在投资者作出投资决策后， 基金运营,PENDING,not_found,T+2清算；T+2交收,T 日后的 5 个工作日内， 基金管理人将应退款或补款与相关申购赎回代理机构办理交收,T 日赎回申请，T 日内基金管理人根据赎回规模进行组合证券的代理卖出,PENDING,"https://fund.eastmoney.com/gonggao/159365,AN202608261828488592.html",/Users/ellis/工具程序开发/港股通逐标的分析/临时数据/159365/159365_更新招募说明书_20260827.pdf,/Users/ellis/工具程序开发/港股通逐标的分析/临时数据/159365/159365_更新招募说明书_20260827.txt,向基金管理人/托管运营确认同日申赎是否按证券维度净额下单
4,159570,SZ,汇添富国证港股通创新药ETF,2025-12-19,2025-12-19,2026-03-30,2026-09-09,37,必须,YES,updated,T日内,T日内,招募书未直接说明,T 日,T 日,T日（T日日间完成 RTGS）；T+1日（T日日终逐笔全额非担保交收）,T+1日,T+1 日,T+2 日,T 日（指港股通交易日）后的第 2 个港股通交易日后的 3 个工作日内,T 日,招募书未直接说明,自有效赎回申请之日起 7 个开放日内,招募书未直接说明,T日收市后计算,收市后；公告时点按基金合同/招募书约定,交易所上市的有价证券的估值 （1）交易所上市的有价证券（包括股票等），以其估值日在证券交易所挂牌的市价（收盘价）估值；估值日无交易的，且最近交易日后经济环境未发生重大变化或证券发行机构未发生影响证券价格的重大事件的，以最近交易日的市价 （收盘价）估值；如最近交易日后经济环境发生了重大变化或证券发行机构发生影响证券价格的重大事件的，可参考类似投资品种的现行市价及重大变化因素， 调整最近交易市价，确定公允价格； （2）交易所上市不存在活跃市场的有价证券，采用估值技术确定公允价值。 2、处于未上市期间的有价证券应区分如下情况处理： （1）送股、转增股、配股和公开增发的新股，按估值日在证券交易所挂牌的同一股票的估值方法估值；该日无交易的，以最近一日的市价（收盘价）估值； （2）首次公开发行未上市的股票，采用估值技术确定公允价值，在估值技术难以可靠计量公允价值的情况下，按成本估值； （3）在发行时明确一定期限限售期的股票，包括但不限于非公开发行股票、 首次公开发行股票时公司股东公开发售股份、通过大宗交易取得的带限售期的股票等，不包括停牌、新发行未上市、回购交易中的质押券等流通受限股票，按监管机构或行业协会有关规定确定公允价值。 3、以公允价值计量的固定收益品种 （1）对于已上市或已挂牌转让的不含权固定收益品种，选取第三方估值基准服务机构提供的相应品种当日的估值全价； （2）对于已上市或已挂牌转让的含权固定收益品种，选取第三方估值基准服务机构提供的相应,小数点后4位；第5位四舍五入,2、禁止行为为维护基金份额持有人的合法权益，基金财产不得用于下列投资或者活动： （1）承销证券； （2）违反规定向他人贷款或者提供担保； （3）从事承担无限责任的投资； （4）买卖其他基金份额，但是法律法规或中国证监会另有规定的除外； （5）向其基金管理人、基金托管人出资； （6）从事内幕交易、操纵证券交易价格及其他不正当的证券交易活动； （7）法律、行政法规和中国证监会规定禁止的其他活动。 基金管理人运用基金财产买卖基金管理人、基金托管人及其控股股东、实际控制人或者与其有重大利害关系的公司发行的证券或者承销期内承销的证券，或者从事其他重大关联交易的，应当符合基金的投资目标和投资策略，遵循基金份额持有人利益优先原则，防范利益冲突，建立健全内部审批机制和评估机制，按照市场公平合理价格执行。相关交易必须事先得到基金托管人的同意，并按法律法规予以披露。重大关联交易应提交基金管理人董事会审议，并经过三分之二以上的独立董事通过。基金管理人董事会应至少每半年对关联交易事项进行审查。 法律法规或监管部门取消或调整上述限制，如适用于本基金，基金管理人在履行适当程序后，则本基金投资不再受相关限制或以调整以后的规定为准。 五、业绩比较基准本基金业绩比较基准为标的指数收益率，即国证港股通创新药指数收益率汇添富国证港股通创新药交易型开放式指数证券投资基金更新招募说明书 56 （经估值汇率调整后）。 未来若出现标的指数不符合要求（因成份股价格波动等指数编制方法变动之外的因素致使标的指数不符合要求的情形除外）、指数编制机构退出等情形，基金管理人应当自该情形发生之日起十个工作日内向中国证监会报告并提出解决方案，如更换基金标的指数、转换运作方式、与其他基金合并、或者终止基金合同等，并在 6 个月内召集基金份额持有人大会进行表决，基金份额持有人大会未成功召开或就上述事项表决未通过的，基金合同终止。自指数编制机构停止标的指数的编制及发布至解决方案确定期间，基金管理人应按照指数编制机构提供的最近一个交易日的指数信息遵循基金份额持有人利益优先原则维持基金投资运作。 法律法规或监管机构另有规定的，从其规定。 如本基金标的指数变化，则业绩比较基准中的标的指数将相应调整。业绩比较基准的调整根据标的指数的变更程序执行。 六、风险收益特征本基金属于股票型基金，其预期的风险与收益高于混合型基金、债券型基金与货币市场基,原文未明确取价时点,原文未明确币种,原文未明确备用汇率处理,申购替代金额的处理程序在 T 日（指港股通交易日）内，基金管理人以收到的替代金额代投资者买入被替代证券。基金管理人有权在 T 日（指港股通交易日）内任意时刻以收到的替代金额代投资者买入小于等于被替代证券数量的任意数量的被替代证券。基金管理人有权根据基金投资的需要自主决定不买入部分被替代证券，或者不进行任何买入证券的操作。T 日（指港股通交易日）日终，基金管理人根据所购入的被替代证券的实际单位购入成本（包括买入价格与相关费用）和未买入的被替代证券的 T 日（指港股通交易日）收盘价（折算为人民币；T 日（指港股通交易日）在证券交易所无交易的，取最近交易日的收盘价；交易日无收盘价的，取最后成交价）计算被替代证券的单位结算成本，在此基础上根据替代证券数量和申购替代金额确定基金应退还投资者或投资者应补交的款项。T 日（指港股通交易日）后的第 2 个港股通交易日后的 3 个工作日内，基金管理人将应退款或补款与相关申购赎回代理券商办理交收。在此期间若该证券发生除息、送股（转增）、配股等重要权益变动，则进行相应调整。 当出现半日港股通交易日、因为风球等因素引发临时停市或港股通每日额度不足等特殊情况时，计算并确定被替代证券的单位结算成本的时间将顺延，款项交收的日期也顺延。如遇证券长期停牌、流动性不足等可能导致收盘价或最后成交价不公允的特殊情况，可参照证券的估值价格，对结算价格进行调整，如果基金管理人认为该证券复牌后的价格可能存在较大波动，且可能对基金资产净值产生较大影响，为了更好的维护基金份额持有人利益，该证券对应的现金替代款的清算交收可在其复牌后按照实际交易成本办理。在此期间若该证券发生除息、送股（转增）、配股等重要权益变动，则进行相应调整。 4）赎回替代金额的处理程序在 T 日（指港股通交易日）内，基金管理人根据赎回申请代投资者卖出被替代证券。基金管理人有权在 T 日（指港股通交易日）内任意时刻代投资者卖出小于等于被替代证券数量,原文提到折算汇率，但未抽取出具体来源,原文未明确取价时点,港币/港元折算为人民币,收的日期也顺延。如遇证券长期停牌、流动性不足等可能导致收盘价或最后成交价不公允的特殊情况，可参照证券的估值价格，对结算价格进行调整，如果基金管理人认为该证券复牌后的价格可能存在较大波动，且可能对基金资产净值产生较大影响，为了更好的维护基金份额持有人利益，该证券对应的现金替代款的清算交收可在其复牌后按照实际交易成本办理。在此期间若该证券发生除息、送股（转增）、配股等重要权益变动，则进行相应调整。 4）赎回替代金额的处理程序在 T 日（指港股通交易日）内，基金管理人根据赎回申请代投资者卖出被替代证券。基金管理人有权在 T 日（指港股通交易日）内任意时刻代投资者卖出小于等于被替代证券数量的任意数量的被替代证券。基金管理人有权根据基金投资的需要自主决定不卖出部分被替代证券，或者不进行任何卖出证券的操作。T 日汇添富国证港股通创新药交易型开放式指数证券投资基金更新招募说明书 43 （指港股通交易日）日终，基金管理人根据所卖出的被替代证券的实际单位卖出金额（扣除相关费用）和未卖出的被替代证券的 T 日（指港股通交易日）收盘价 （折算为人民币；被替代证券 T 日（指港股通交易日）在证券交易所无交易的， 取最近交易日的收盘价；交易日无收盘价的，取最后成交价）计算被替代证券的单位结算金额，在此基础上根据替代证券数量确定赎回替代金额。T 日（指港股通交易日）后的第 2 个港股通交收日后的 3 个工作日内，基金管理人将应支付的赎回替代金额与相关申购赎回代理券商办理交收。在此期间若该证券发生除息、 送股（转增）、配股等重要权益变动，则进行相应调整。 当出现半日港股通交易日、因为风球等因素引发临时停市等特殊情况时，计算并确定被替代证券的单位结算成本的时间将顺延，款项交收的日期也顺延。如遇证券长期停牌、流动性不足等可能导致收盘价或最后成交价不公允的特殊情况，可参照证券的估值价格，对结算价格进行调整，如果基金管理人认为该证券复牌后的价格可能存在较大波动，且可能对基金资产净值产生较大影响，为了更好的维护基金份额持有人利益，该证券对应的现金替代款的清算交收可在其复牌后按照实际交易成本办理。在此期间若该证券发生除息、送股（转增）、配股等重要权益变动，则进行相应调整。 5）基金管理人可以根据具体情况，调整上述 2）—4）的申购、赎回替代金额的处理程序、规则等，并在招募说明书更新及其他公告中披露。 （2）,原文提到折算汇率，但未抽取出具体来源,原文未明确取价时点,港币/港元折算为人民币,申购：实际买入/购入成本包括买入价格与相关费用；赎回：实际卖出金额扣除相关费用,基金份额参考净值＝（申购赎回清单中必须用现金替代的固定替代金额+申购赎回清单中可以现金替代成份证券的数量、最新成交价以及人民币兑港币的汇率公允价相乘之和+申购赎回清单中的预估现金差额）／最小申购赎回单位所对应的基金份额汇率公允价包括基金管理人委托的其他机构在发布和计算境外指数产品中采用的实时汇率价格、基金管理人审慎决定的其他公允价格,组合证券实时成交数据；最新成交价,汇率公允价包括基金管理人委托的其他机构在发布和计算境外指数产品中采用的实时汇率价格、基金管理人审慎决定的其他公允价格,当日,基金管理人或其委托机构计算；深圳证券交易所发布,开市后；四舍五入保留小数点后4位,PASS,fund_document,法跟踪标的指数表现，具有与标的指数相似的风险收益特征。 在目前结算规则下，投资者当日申购的基金份额，清算交收完成后方可卖出和赎回，即T日申购的基金份额且日间完成RTGS（实时逐笔全额结算）交收的， T日可卖出和赎回，而T日申购的基金份额且日终完成逐笔全额非担保交收的， T+1日方可卖出和赎回；T日竞价买入的基金份额，T日可以卖出或赎回；T日大宗买入的基金份额，T日可以大宗卖出，T+1日可以竞价卖出或赎回。 投资者投资于本基金前请认真阅读证券交易所和登记机构关于ETF的相关业务规则及其不时的更新，确保具备相关专业知识、清楚了解相关规则流程后方可参与本基金的申购、赎回及交易。投资者一旦申购或赎回本基金，即表示对基金申购和赎回所涉及的登记方式以及申购赎回所涉及现金替代、现金差额等相关的,PENDING,not_found,T+2清算；T+2交收,T 日（指港股通交易日）在证券交易所无交易的，取最近交易日的收盘价,T 日（指港股通交易日）内，基金管理人根据赎回申请代投资者卖出被替代证券,PENDING,"https://fund.eastmoney.com/gonggao/159570,AN202512181803178700.html",/Users/ellis/工具程序开发/港股通逐标的分析/临时数据/159570/159570_更新招募说明书_20251219.pdf,/Users/ellis/工具程序开发/港股通逐标的分析/临时数据/159570/159570_更新招募说明书_20251219.txt,向基金管理人/托管运营确认同日申赎是否按证券维度净额下单
5,513920,SH,华安恒生港股通中国央企红利ETF,2025-11-13,2025-11-13,2026-03-06,2026-09-09,40,必须,NO,updated,T日内,T日内,招募书未直接说明,T 日,T 日,T日（基金份额交收完成后；招募书未另行说明可卖出时点）,T+1日,T+1 日,T+2 日,T 日后的 3 个港股通交易日内,T 日,代收代付,T 日后的第 2 个港股通交收日后的第 2 个工作日内,在系统支持的情况下，对于 T 日的申购赎回申请，基金管理人有权进行轧差处理，针对净申购，购入净申购份额对应的组合证券中被替代的股票，针对净赎回，卖出净赎回份额对应的组合证券中被替代的股票，基金管理人有权购入或者卖出不等于轧差处理后的上述被替代的股票的任意数量,T日收市后计算,收市后；公告时点按基金合同/招募书约定,交易所上市的有价证券（包括股票等），以其估值日在证券交易所挂牌的市价（收盘价）估值；估值日无交易的，且最近交易日后经济环境未发生重大变化且证券发行机构未发生影响证券价格的重大事件的，以最近交易日的市价（收盘价）估值；如最近交易日后经济环境发生了重大变化或证券发行机构发生影响证券价格的重大事件的，可参考类似投资品种的现行市价及重大变化因素，调整最近交易市价，确定公允价格； 2、处于未上市期间的有价证券应区分如下情况处理： （1）送股、转增股、配股和公开增发的新股，按估值日在证券交易所挂牌的同一股票的估值方法估值；该日无交易的，以最近一日的市价（收盘价）估值； （2）首次公开发行未上市的股票，采用估值技术确定公允价值； （3）在发行时明确一定期限限售期的股票，包括但不限于非公开发行股票、 首次公开发行股票时公司股东公开发售股份、通过大宗交易取得的带限售期的股票等，不包括停牌、新发行未上市、回购交易中的质押券等流通受限股票， 按监管机构或行业协会有关规定确定公允价值； 3、对于已上市或已挂牌转让的不含权固定收益品种，选取第三方估值基准服务机构提供的相应品种当日的估值全价进行估值。 4、对于已上市或已挂牌转让的含权固定收益品种，选取第三方估值基准服务机构提供的相应品种当日的唯一估值全价或推荐估值全价进行估值。 对于含投资者回售权的固定收益品种，行使回售权的，在回售登记日至实际收款日期间选取第三方估值基准服务机构提供的相应品种的唯一估值全价或推荐估值,小数点后4位；第5位四舍五入,11、估值计算中涉及港币对人民币汇率的，将依据下列信息提供机构所提供的汇率为基准：当日中国人民银行公布的人民币与港币的中间价。,当日,港币/港元对人民币,原文未明确备用汇率处理,申购现金替代保证金的处理程序 T 日，基金管理人在申购、赎回清单中公布现金替代溢价比率，并据此收取申购现金替代保证金。 对于确认成功的 T 日申购申请，基金管理人在收到申购确认信息后，根据申购申请代理买入被替代证券。基金管理人有权在 T 日内任意时刻以收到的申购现金替代保证金代投资者买入小于或等于被替代证券数量的任意数量的被替代证券。基金管理人有权根据基金投资的需要自主决定不买入部分被替代证券， 第 49 页共 149 页或者不进行任何买入证券的操作。 T 日日终，基金管理人根据所购入的被替代证券的实际单位购入成本（包括买入价格与相关费用）和未买入的被替代证券的 T 日收盘价（折算为人民币，目前折算汇率采用 T 日估值汇率，基金管理人可根据情况调整所使用的折算汇率，并及时公告；被替代证券 T 日在证券交易所无交易的，取最近交易日的收盘价，交易日无收盘价的，取最后成交价）计算被替代证券的单位结算成本，在此基础上根据替代证券数量和申购现金替代保证金确定基金应退还投资者或投资者应补交的款项。T 日后的 3 个港股通交易日内，基金管理人将应退款或补款与相关申购赎回代理券商办理交收。若发生特殊情况，基金管理人可以对交收日期进行相应调整。 如遇港股通临时停市、港股通交易当日额度使用完毕而暂停或停止接受买入申报等特殊情况，基金管理人可考虑根据实际情况将港市组合证券的代理买入及结算价格顺延至下一港股通交易日直至交易正常。如遇港市成份证券长期停牌、流动性不足等可能导致收盘价或最后成交价不公允的特殊情况，可参照证券的估值价格，对结算价格进行调整，如果基金管理人认为该证券复牌后的价格可能存在较大波动，且可能对基金资产净值产生较大影响，为了更好的维护持有人利益，该证券对应的现金替代退补款的清算交收可在其复牌后按照实际交易成本办理。在此期间若该证券发生除息、送股（转增）、配股等重要权益变动，则进行相应调整。 4）赎回替代金额的处理程序对于确认成功的 T 日赎回申请，基金管理人在收到赎回确认信息后，根据赎回申请代理卖出被替代证券。基金管理人有权在 T 日内任,折算汇率采用 T 日估值汇率，基金管理人可根据情况调整所使用的折算汇率，并及时公告,T 日估值汇率,港币/港元折算为人民币,赎回替代金额的处理程序对于确认成功的 T 日赎回申请，基金管理人在收到赎回确认信息后，根据赎回申请代理卖出被替代证券。基金管理人有权在 T 日内任意时刻代投资者卖出小于或等于被替代证券数量的任意数量的被替代证券。基金管理人有权根据基金投资的需要自主决定不卖出部分被替代证券，或者不进行任何卖出证券的操作。T 日日终，基金管理人根据所卖出的被替代证券的实际单位卖出金额 （扣除相关费用）和未卖出的被替代证券的 T 日收盘价（折算为人民币，目前折算汇率采用 T 日估值汇率，基金管理人可根据情况调整所使用的折算汇率， 并及时公告，被替代证券 T 日在证券交易所无交易的，取最近交易日的收盘价， 交易日无收盘价的，取最后成交价）计算被替代证券的单位结算金额，在此基础上根据替代证券数量确定赎回替代金额。T 日后的第 2 个港股通交收日后的第 2 个工作日内，基金管理人将应支付的赎回替代金额与相关申购赎回代理券第 50 页共 149 页商办理交收。若发生特殊情况，基金管理人可以对交收日期进行相应调整。 如遇港股通临时停市等特殊情况，港市组合证券的代理卖出及结算价格可依次顺延至下一港股通交易日直至交易正常。如遇港市成份证券长期停牌、流动性不足等可能导致收盘价或最后成交价不公允的特殊情况，可参照证券的估值价格，对结算价格进行调整，如果基金管理人认为该证券复牌后的价格可能存在较大波动，且可能对基金资产净值产生较大影响，为了更好的维护持有人利益，该证券对应的现金替代款的清算交收可在其复牌后按照实际交易成本办理。在此期间若该证券发生除息、送股（转增）、配股等重要权益变动，则进行相应调整。 5）基金管理人可根据运作情况调整代理申赎投资者买券卖券的相关规则并按规定公告。 6）未来如港股通的交易、结算规则发生改变，或上海证券交易所、登记机构有关申购赎回交易结算规则发生改变，或基金管理人与基金托管人之间的结算相关安,折算汇率采用 T 日估值汇率，基金管理人可根据情况调整所使用的折算汇率， 并及时公告，被替代证券 T 日在证券交易所无交易的，取最近交易日的收盘价， 交易日无收盘价的，取最后成交价）计算被替代证券的单位结算金额，在此基础上根据替代证券数量确定赎回替代金额,T 日估值汇率,港币/港元折算为人民币,申购：实际买入/购入成本包括买入价格与相关费用；赎回：实际卖出金额扣除相关费用,基金份额参考净值＝（申购、赎回清单中必须现金替代的替代金额+申购、赎回清单中可以现金替代成份证券的数量与最新成交价（经汇率调整）相乘之和+申购、赎回清单中的预估现金部分）/ 最小申购、赎回单位对应的基金份额汇率包括基金管理人委托的其他机构在发布和计算境外指数产品中采用的汇率价格、基金管理人审慎决定的其他公允价格,组合证券实时成交数据；最新成交价,招募书未直接说明,原文未明确取价时点,基金管理人或其委托机构计算；上海证券交易所发布,开市后；交易时间内,PASS,fund_document,份额的交收适用业务规则的规定和参与各方相关协议的有关规定。 本基金申购业务采用实时逐笔全额结算（ Real Time Gross Settlement， 简称 RTGS）模式；赎回业务涉及的现金替代采用代收代付处理；申购、赎回业务涉及的现金差额和现金替代退补款采用代收代付处理。 1）申购的清算交收投资者 T 日申购后，如交易记录已勾单且申购资金足额的，登记机构在 T 日日间实时办理基金份额及现金替代的交收； T 日日间未进行勾单确认或日间资金不足的，登记机构在 T 日日终根据资金是否足额办理基金份额及现金替代的清算交收，并将结果发送给基金管理人、申购赎回代理券商和基金托管人。 基金管理人在 T+1 日办理现金差额的清算，并将结果发送给申购赎回代理券商、 基金管理人和基金托管人。基,PASS,fund_specific_explicit,T+1清算；T+2交收,T 日在证券交易所无交易的，取最近交易日的收盘价，交易日无收盘价的，取最后成交价）计算被替代证券的单位结算成本，在此基础上根据替代证券数量和申购现金替代保证金确定基金应退还投资者或投资者应补交的款项,T 日赎回申请，基金管理人在收到赎回确认信息后，根据赎回申请代理卖出被替代证券,PASS,"https://fund.eastmoney.com/gonggao/513920,AN202511121780027255.html",/Users/ellis/工具程序开发/港股通逐标的分析/临时数据/513920/513920_更新招募说明书_20251113.pdf,/Users/ellis/工具程序开发/港股通逐标的分析/临时数据/513920/513920_更新招募说明书_20251113.txt,
6,513830,SH,嘉实中证港股通高股息投资ETF,2026-01-23,2026-01-23,2026-06-25,2026-09-09,30,必须,NO,updated,T日内,T日内,招募书未直接说明,T 日,T 日,T日（基金份额交收完成后；招募书未另行说明可卖出时点）,T+1日,T+1 日内,T+3 日内,T+3 日（指开放日）内,T 日收市后,代收代付,自有效赎回申请之日起 7 个开放日内,招募书未直接说明,T日收市后计算,T+1日内公告,交易所上市的有价证券的估值 （1）交易所上市的有价证券（包括股票等），以其估值日在证券交易所挂牌的市价（收盘价）估值；估值日无交易的，且最近交易日后经济环境未发生重大变化或证券发行机构未发生影响证券价格的重大事件的，以最近交易日的市价（收盘价）估值；如最近交易日后经济环境发生了重大变化或证券发行机构发生影响证券价格的重大事件的，可参考类似投资品种的现行市价及重大变化因素，调整最近交易市价，确定公允价格； （2）交易所上市交易或挂牌转让的不含权固定收益品种，选取估值日第三方估值机构提供的相应品种当日的估值全价进行估值； 嘉实中证港股通高股息投资交易型开放式指数证券投资基金更新招募说明书（2026 年 01 月 23 日更新） 71 （3）交易所上市交易或挂牌转让的含权固定收益品种，选取估值日第三方估值机构提供的相应品种当日的唯一估值全价或推荐估值全价进行估值； （4）交易所上市交易的可转换债券以每日收盘价作为估值全价； （5）交易所上市不存在活跃市场的有价证券，采用估值技术确定公允价值。交易所上市的资产支持证券，采用估值技术确定公允价值； （6）对在交易所市场发行未上市或未挂牌转让的债券，对存在活跃市场的情况下，应以活跃市场上未经调整的报价作为估值日的公允价值；对于活跃市场报价未能代表估值日公允价值的情况下，应对市场报价进行调整以确认估值日的公允价值；对于不存在市场活动或市场活动很少的情况下，应采用估值技术确定其公允价值。 2、处于未上市期间,小数点后4位；第5位四舍五入,9、估值计算中涉及港币对人民币汇率的，将依据下列信息提供机构所提供的汇率为基准：当日中国人民银行公布的人民币与港币的中间价。 嘉实中证港股通高股息投资交易型开放式指数证券投资基金更新招募说明书（2026 年 01 月 23 日更新） 72 税收：对于按照中国法律法规和基金投资境内外股票市场交易互联互通机制涉及的境外交易场所所在地的法律法规规定应交纳的各项税金，本基金将按权责发生制原则进行估值； 对于因税收规定调整或其他原因导致基金实际交纳税金与估算的应交税金有差异的，基金将在相关税金调整日或实际支付日进行相应的估值调整。,当日,港币/港元对人民币,原文未明确备用汇率处理,申购现金替代保证金的处理程序嘉实中证港股通高股息投资交易型开放式指数证券投资基金更新招募说明书（2026 年 01 月 23 日更新） 50 对于确认成功的 T 日申购申请，T 日内基金管理人根据申购规模进行组合证券的代理买入。T 日日终，基金管理人根据所购入的被替代证券的实际单位购入成本（包括买入价格与相关费用，按照汇率折算为人民币）和未买入的被替代证券的 T 日收盘价（按照汇率折算为人民币；T 日在证券交易所无交易的，取最近交易日的收盘价；交易日无收盘价的，取最后成交价）计算被替代证券的单位结算成本，在此基础上根据替代证券数量和申购现金替代保证金确定基金应退还投资者或投资者应补交的款项。T+3 日（指开放日）内，基金管理人将应退款或补款与相关申购赎回代理券商办理交收，当交收期间出现港股通交易日为非港股通交收日时，款项交收日期可以顺延。若发生特殊情况，基金管理人可以对交收日期进行相应调整。 上述汇率是指汇率公允价。汇率公允价包括但不限于中国人民银行或其授权机构最新公布的人民币汇率中间价、中国外汇交易中心公布的人民币对主要货币参考汇率、与基金托管人商定的其他公允价格（如：中国人民银行或国家外汇管理局或中国外汇交易中心正式对外公布的人民币兑主要外汇当日收盘价）等。 如遇港股通临时停市、港股通交易每日额度不足等特殊情况，组合证券的代理买入及结算价格可依次顺延至下一港股通交易日直至交易正常。如遇证券长期停牌、流动性不足等可能导致收盘价或最后成交价不公允的特殊情况，可参照证券的估值价格，对结算价格进行调整，如果基金管理人认为该证券复牌后的价格可能存在较大波动，且可能对基金资产净值产生较大影响，为了更好的维护持有人利益，该证券对应的现金替代款的清算交收可在其复牌后按照实际交易成本办理。在此期间若该证券发生除息、送股,汇率公允价包括但不限于中国人民银行或其授权机构最新公布的人民币汇率中间价、中国外汇交易中心公布的人民币对主要货币参考汇率、与基金托管人商定的其他公允价格（如：中国人民银行或国家外汇管理局或中国外汇交易中心正式对外公布的人民币兑主要外汇当日收盘价）等,当日,港币/港元折算为人民币,赎回替代金额的处理程序对于确认成功的 T 日赎回申请，T 日内，基金管理人根据赎回规模进行组合证券的代理卖出。T 日日终，基金管理人根据所卖出的被替代证券的实际单位卖出金额（扣除相关费用， 按照汇率折算为人民币）和未卖出的被替代证券的 T 日收盘价（按照汇率折算为人民币；被替代证券 T 日在证券交易所无交易的，取最近交易日的收盘价；交易日无收盘价的，取最后成交价）计算被替代证券的单位结算金额，在此基础上根据替代证券数量确定赎回替代金额。 T+7 日（指开放日）内，基金管理人将应支付的赎回替代金额与相关申购赎回代理券商办理交收，当交收期间出现港股通交易日为非港股通交收日时，款项交收日期可以顺延。若发生特殊情况，基金管理人可以对交收日期进行相应调整。 上述汇率是指汇率公允价。汇率公允价包括但不限于中国人民银行或其授权机构最新公布的人民币汇率中间价、中国外汇交易中心公布的人民币对主要货币参考汇率、与基金托管人商定的其他公允价格（如：中国人民银行或国家外汇管理局或中国外汇交易中心正式对外公布的人民币兑主要外汇当日收盘价）等。 嘉实中证港股通高股息投资交易型开放式指数证券投资基金更新招募说明书（2026 年 01 月 23 日更新） 51 如遇港股通临时停市等特殊情况，组合证券的代理卖出及结算价格可依次顺延至下一港股通交易日直至交易正常。如遇证券长期停牌、流动性不足等可能导致收盘价或最后成交价不公允的特殊情况，可参照证券的估值价格，对结算价格进行调整，如果基金管理人认为该证券复牌后的价格可能存在较大波动，且可能对基金资产净值产生较大影响，为了更好的维护持有人利益，该证券对应的现金替代款的清算交收可在,汇率公允价包括但不限于中国人民银行或其授权机构最新公布的人民币汇率中间价、中国外汇交易中心公布的人民币对主要货币参考汇率、与基金托管人商定的其他公允价格（如：中国人民银行或国家外汇管理局或中国外汇交易中心正式对外公布的人民币兑主要外汇当日收盘价）等,当日,港币/港元折算为人民币,申购：实际买入/购入成本包括买入价格与相关费用；赎回：实际卖出金额扣除相关费用,基金份额参考净值＝（申购赎回清单中必须现金替代成份证券的替代金额+申购赎回清单中可以现金替代成份证券的数量、最新成交价以及汇率公允价的乘积之和+申购赎回清单中的预估现金部分）/最小申购、赎回单位对应的基金份额,组合证券实时成交数据；最新成交价,汇率公允价包括指数公司在发布和计算境外指数产品中采用的实时汇率价格、基金管理人审慎决定的其他公允价格等,当日,基金管理人或其委托机构计算；上海证券交易所发布,开市后；四舍五入保留小数点后3位,PASS,fund_document,关业务规则和参与各方相关协议及其不时修订的有关规定。 对于本基金的申购业务采用实时逐笔全额结算（Real Time Gross Settlement，以下简称 RTGS）模式；赎回业务涉及的现金替代采用代收代付处理；申购、赎回业务涉及的现金差额和现金替代退补款采用代收代付处理。 投资者 T 日现金申购后，如交易记录已勾单且申购资金足额的，登记结算机构在 T 日日间实时办理基金份额及现金替代的交收；T 日日间未进行勾单确认或日间资金不足的，登记结算机构在 T 日日终根据资金是否足额办理基金份额及现金替代的清算交收；在 T+1 日内办理现金差额的清算，并将结果发送给申购赎回代理券商、基金管理人和基金托管人。基金管理人与申购赎回代理券商在 T+3 日内办理现金差额的交收。 投资者 T,PENDING,not_found,T+1清算；T+3交收,T 日在证券交易所无交易的，取最近交易日的收盘价,T 日赎回申请，T 日内，基金管理人根据赎回规模进行组合证券的代理卖出,PENDING,"https://fund.eastmoney.com/gonggao/513830,AN202601221818282283.html",/Users/ellis/工具程序开发/港股通逐标的分析/临时数据/513830/513830_更新招募说明书_20260123.pdf,/Users/ellis/工具程序开发/港股通逐标的分析/临时数据/513830/513830_更新招募说明书_20260123.txt,向基金管理人/托管运营确认同日申赎是否按证券维度净额下单
7,159303,SZ,大成恒生医疗保健ETF(QDII),2026-07-18,2026-07-18,2026-06-30,2026-09-09,92,必须,YES,updated,T+1,T+1,逐笔全额交收,T 日,T 日,T日（T日日间完成 RTGS）；T+1日（T日日终逐笔全额非担保交收）,T+1日,T+2 日内,T 日,T+5 日内,T 日,代收代付,自有效赎回申请之日起 10 个工作日内,招募书未直接说明,T日收市后计算,T+1日内公告,交易所上市的有价证券的估值 （1）交易所上市的有价证券（包括股票等），以其估值日在证券交易所挂牌的市价（收盘价）估值；估值日无交易的，且最近交易日后经济环境未发生重大变化且证券发行机构未发生影响证券价格的重大事件的，以最近交易日的市价（收盘价）估值；如最近交易日后经济环境发生了重大变化或证券发行机构发生影响证券价格的重大事件的，可参考类似投资品种的现行市价及重大变化因素，调整最近交易市价，确定公允价格； （2）交易所上市交易或挂牌转让的不含权固定收益品种，选取估值日第三方估值机构提供的相应品种当日的估值全价进行估值； （3）交易所上市交易或挂牌转让的含权固定收益品种，选取估值日第三方估值机构提供的相应品种当日的唯一估值全价或推荐估值全价进行估值； （4）对于在交易所市场上市交易的公开发行的可转换债券等有活跃市场的含转股权的债券，实行全价交易的债券选取估值日收盘价作为估值全价；实行净价交易的债券选取估值日收盘价并加计每百元税前应计利息作为估值全价； （5）交易所上市不存在活跃市场的有价证券，采用估值技术确定公允价值。 2、处于未上市期间的有价证券应区分如下情况处理： （1）送股、转增股、配股和公开增发的新股，按估值日在证券交易所挂牌的同一股票的估值方法估值；该日无交易的，以最近一日的市价（收盘价）估值； （2）首次公开发行未上市的股票、债券，采用估值技术确定公允价值； （3）对在交易所市场发行未上市或未挂牌转让的债券，对存在活跃市场的情况下，,小数点后4位；第5位四舍五入,10、汇率 （1）估值计算中涉及主要货币对人民币汇率的，将依据下列信息提供机构所提供的汇率为基准：当日中国人民银行或其授权机构公布的人民币与主要货币的中间价。主要外汇种类以中国人民银行或其授权机构最新公布为准。 （2）其他货币采用美元作为中间货币进行换算，采用彭博伦敦下午四点的汇率套算。 基金管理人和托管人经协商可对所采用的汇率来源进行调整。 若无法取得上述汇率价格信息时，以基金托管人或境外托管人所提供的合理公开外汇市场交易价格为准。若本基金现行估值汇率不再发布或发生重大变更，或市场上出现更为公允、 更适合本基金的估值汇率时，基金管理人与基金托管人协商一致后可根据实际情况调整本基金的估值汇率，并及时报中国证监会备案，无需召开基金份额持有人大会。,下午四点,美元对人民币,若无法取得上述汇率价格信息时，以基金托管人或境外托管人所提供的合理公开外汇市场交易价格为准,申购替代金额的处理程序 T 日，基金管理人在申购赎回清单中公布现金替代溢价比例，并据此收取申购替代金额。 T+1 日日终，若已买入全部被替代证券，则以替代金额与被替代证券的实际买入成本（包括买入价格与交易费用，折算为人民币，折算汇率采用当日汇率）的差额，确定基金应退还投资者或投资者应补交的款项；若未能买入全部被替代证券，则以替代金额与已买入的被替代证券实际买入成本（包括买入价格与交易费用，折算为人民币，折算汇率采用当日汇率） 加上按照 T+1 日收盘价（折算为人民币，折算汇率采用当日汇率；T+1 日在证券交易所无交易的，取最近交易日的收盘价；交易日无收盘价的，取最后成交价）计算的未买入的被替代证券价值的差额，确定基金应退还投资者或投资者应补交的款项。 T+5 日内，基金管理人将应退款或补款与相关申购赎回代理券商办理交收。若发生特殊情况，基金管理人可以对交收日期进行相应调整。 如遇境外主要投资市场或港股通临时停市、港股通交易每日额度或总额度不足等特殊情况，组合证券的代理买入及结算价格可依次顺延至下一港股通、深圳证券交易所和本基金的境外主要投资市场的共同交易日直至交易正常款项交收的日期也顺延。如遇证券长期停牌、 流动性不足等可能导致收盘价或最后成交价不公允的特殊情况，可参照证券的估值价格，对结算价格进行调整，如果基金管理人认为该证券复牌后的价格可能存在较大波动，且可能对基金资产净值产生较大影响，为了更好的维护持有人利益，该证券对应的现金替代退补款的清算交收可在其复牌后按照实际交易成本办理。在此期间若该证券发生除息、送股（转增）、 配股等重要权益变动，则进行相应调整。 上述汇率是指汇率公允价。汇率公允价包括,折算汇率采用当日汇率）的差额，确定基金应退还投资者或投资者应补交的款项,当日汇率,港币/港元折算为人民币,市场的共同交易日直至交易正常款项交收的日期也顺延。如遇证券长期停牌、 流动性不足等可能导致收盘价或最后成交价不公允的特殊情况，可参照证券的估值价格，对结算价格进行调整，如果基金管理人认为该证券复牌后的价格可能存在较大波动，且可能对基金资产净值产生较大影响，为了更好的维护持有人利益，该证券对应的现金替代退补款的清算交收可在其复牌后按照实际交易成本办理。在此期间若该证券发生除息、送股（转增）、 配股等重要权益变动，则进行相应调整。 上述汇率是指汇率公允价。汇率公允价包括但不限于中国人民银行或其授权机构最新公布的人民币汇率中间价、中国外汇交易中心公布的人民币对主要货币参考汇率、主流咨询商公布的人民币对主要货币参考汇率、与基金托管人商定的其他公允价格（如：中国人民银行或国家外汇管理局或中国外汇交易中心正式对外发文后公布的人民币兑主要外汇当日收盘价）等。 4）赎回替代金额的处理程序 T+1 日日终，若已卖出全部被替代证券，则以被替代证券的实际卖出金额（扣除相关费用，折算为人民币，折算汇率采用当日汇率）确定基金应支付的替代金额；若未能卖出全部被替代证券，则以已卖出的被替代证券实际卖出金额（扣除相关费用，折算为人民币，折算汇率采用当日汇率）加上按照 T+1 日收盘价（折算为人民币，折算汇率采用当日汇率；T+1 日在证券交易所无交易的，取最近交易日的收盘价；交易日无收盘价的，取最后成交价）计大成恒生医疗保健交易型开放式指数证券投资基金（QDII） 招募说明书 63 算的未卖出的被替代证券的价值，确定基金应支付的替代金额。 T+7 日内，基金管理人将应支付的赎回替代金额与相关申购赎回代理券商办理交收。若发生特殊情况，基金管理人可以对交收日期进行相应调整。 如遇境外主要投资市场或港股通临时停市、港股通交易每日额度或总额度不足等特殊情况，组合证券的代理买入及结算价格可依次顺延至下一港股通、深圳证券交易所和本基金的境外主要投资市场的共同交易日直至交易正常，款项交收的日期也顺延。如遇证券长期停牌、 流动性不足等可能导致收盘价或最后成交价不公允的特殊情况，可参照证券的估值价格，对结算价格进行调整，如果基金管理人认为该证券复牌后的价格可能存在较大波动，且可能对基金资产净值产生较大影响，为了更好的维护持有人利益，该证券对应的现金替代款的清算交收可在其复牌后按照实际交易成本办理。在此期间若该证券发生,汇率公允价包括但不限于中国人民银行或其授权机构最新公布的人民币汇率中间价、中国外汇交易中心公布的人民币对主要货币参考汇率、主流咨询商公布的人民币对主要货币参考汇率、与基金托管人商定的其他公允价格（如：中国人民银行或国家外汇管理局或中国外汇交易中心正式对外发文后公布的人民币兑主要外汇当日收盘价）等,当日,港币/港元折算为人民币,申购：实际买入/购入成本包括买入价格与相关费用；赎回：实际卖出金额扣除相关费用,基金份额参考净值＝（申购赎回清单中必须现金替代成份证券的替代金额+申购赎回清单中可以现金替代的成分券数量与最新成交价乘积之和+申购赎回清单中的预估现金差额） 大成恒生医疗保健交易型开放式指数证券投资基金（QDII） 招募说明书 55 /最小申购、赎回单位对应的基金份额,组合证券实时成交数据；最新成交价,汇率公允价包括基金管理人委托的其他机构在发布和计算境外指数产品中采用的实时汇率价格、基金管理人审慎决定的其他公允价格等,当日,基金管理人或其委托机构计算；深圳证券交易所发布,开市后,PASS,fund_document,认情况。投资者应及时查询有关申请的确认情况。 在目前结算规则下，投资者当日申购的基金份额，清算交收完成后可卖出和赎回，即 T 日申购的 ETF 份额且日间完成 RTGS（实时逐笔全额结算）交收，T 日可卖出与赎回，而 T 日申购的 ETF 份额日间未完成交收的，日终完成逐笔全额非担保交收，T+1 日方可卖出和赎回；T 日竞价买入的基金份额，T 日可以赎回，T 日可以卖出。 3、申购和赎回的清算交收与登记本基金申购和赎回过程中涉及的申购赎回对价和基金份额的交收适用《深圳证券交易所证券投资基金交易和申购赎回实施细则》、《中国证券登记结算有限责任公司关于交易所交易型开放式证券投资基金登记结算业务实施细则》和参与各方相关协议的有关规定。 本基金现金申购业务中的现金替代采用逐笔全额结算处理,PENDING,not_found,T+2清算；T+2交收,T+1 日日终，若已买入全部被替代证券，则以替代金额与被替代证券的实际买入成本（包括买入价格与交易费用，折算为人民币，折算汇率采用当日汇率）的差额，确定基金应退还投资者或投资者应补交的款项,T+1 日日终，若已卖出全部被替代证券，则以被替代证券的实际卖出金额（扣除相关费用，折算为人民币，折算汇率采用当日汇率）确定基金应支付的替代金额,PENDING,"https://fund.eastmoney.com/gonggao/159303,AN202607171827060990.html",/Users/ellis/工具程序开发/港股通逐标的分析/临时数据/159303/159303_更新招募说明书_20260718.pdf,/Users/ellis/工具程序开发/港股通逐标的分析/临时数据/159303/159303_更新招募说明书_20260718.txt,向基金管理人/托管运营确认同日申赎是否按证券维度净额下单
8,513910,SH,华夏中证港股通央企红利ETF,2026-05-29,2026-05-29,2026-05-29,2026-09-09,50,必须,NO,updated,T日内,T日内,招募书未直接说明,T日,T日,T日（基金份额交收完成后；招募书未另行说明可卖出时点）,T+1日,T日,T+2日内,T日后的第2个港股通交易日后的2个工作日内,T日,代收代付,T日后的第3个港股通交易日后的第2个工作日内,招募书未直接说明,T日收市后计算,T+1日内公告,交易所上市的有价证券的估值华夏中证港股通央企红利交易型开放式指数证券投资基金招募说明书（更新） 67 （1）交易所上市的有价证券（包括股票等） ，以其估值日在证券交易所挂牌的市价（收盘价）估值；估值日无交易的，且最近交易日后经济环境未发生重大变化或证券发行机构未发生影响证券价格的重大事件的，以最近交易日的市价（收盘价）估值；如最近交易日后经济环境发生了重大变化或证券发行机构发生影响证券价格的重大事件的， 可参考类似投资品种的现行市价及重大变化因素，调整最近交易市价，确定公允价格。 （2）交易所上市交易或挂牌转让的不含权固定收益品种，选取估值日第三方估值机构提供的相应品种当日的估值全价进行估值。 （3）交易所上市交易或挂牌转让的含权固定收益品种，选取估值日第三方估值机构提供的相应品种当日的唯一估值全价或推荐估值全价进行估值。 （4）交易所市场上市交易的公开发行的可转换债券等有活跃市场的含转股权的债券， 实行全价交易的债券选取估值日收盘价作为估值全价； 实行净价交易的债券选取估值日收盘价并加计每百元税前应计利息作为估值全价。 （5）交易所上市不存在活跃市场的有价证券，采用估值技术确定公允价值。交易所市场挂牌转让的资产支持证券，采用估值技术确定公允价值。 2、处于未上市期间的有价证券应区分如下情况处理： （1）送股、转增股、配股和公开增发的新股，按估值日在证券交易所挂牌的同一股票的估值方法估值；该日无交易的，以最近一日的市价（收盘价）估值。 （2,小数点后4位；第5位四舍五入,11、本基金外币资产价值计算中，涉及主要货币对人民币汇率的，应当以基金估值日中国人民银行或其授权机构公布的人民币汇率中间价为准。,估值日,主要外币对人民币（具体币种未逐一列明）,原文未明确备用汇率处理,替代金额的处理程序 【1】申购替代金额的处理程序基金管理人在T日内以收到的替代金额代投资者买入被替代证券。T日日终，基金管理人根据所购入的被替代证券的实际单位购入成本（包括买入价格与相关费用）和未买入的被替代证券的T日收盘价（折算为人民币，折算汇率采用当天的估值汇率；T日在证券交易所无交易的，取最近交易日的收盘价；交易日无收盘价的，取最后成交价）计算被替代证券的单位结算成本， 在此基础上根据替代证券数量和申购现金替代金额确定基金应退还投资者或投资者应补交的款项。 正常情况下，T日后的第2个港股通交易日后的2个工作日内，基金管理人将应退款或补款与相关申购赎回代理机构办理交收。若发生特殊情况，基金管理人可以对交收日期进行相应调整。 如遇港股通临时停市、港股通交易每日额度或总额度不足等特殊情况，组合证券的代理买入及结算价格可依次顺延至下一港股通交易日直至交易正常。如遇证券长期停牌、流动性不足等可能导致收盘价或最后成交价不公允的特殊情况，可参照证券的估值价格，对结算价格进行调整，如果基金管理人认为该证券复牌后的价格可能存在较大波动，且可能对基金资产净值产生较大影响，为了更好的维护持有人利益，该证券对应的现金替代款的清算交收可在其复牌后按照实际交易成本办理。在此期间若该证券发生除息、送股（转增） 、配股等重要权益变动，则进行相应调整。 【2】赎回替代金额的处理程序 T日内，基金管理人根据赎回规模进行被替代证券的代理卖出。T日日终，基金管理人根据所卖出的被替代证券的实际单位卖出金额 （扣除相关费用） 和未卖出的被替代证券的T 华夏中证港股通央企红利交易型开放式指数证券投资基金招募说明书（更新）,折算汇率采用当天的估值汇率,当天,港币/港元折算为人民币,退还投资者或投资者应补交的款项。 正常情况下，T日后的第2个港股通交易日后的2个工作日内，基金管理人将应退款或补款与相关申购赎回代理机构办理交收。若发生特殊情况，基金管理人可以对交收日期进行相应调整。 如遇港股通临时停市、港股通交易每日额度或总额度不足等特殊情况，组合证券的代理买入及结算价格可依次顺延至下一港股通交易日直至交易正常。如遇证券长期停牌、流动性不足等可能导致收盘价或最后成交价不公允的特殊情况，可参照证券的估值价格，对结算价格进行调整，如果基金管理人认为该证券复牌后的价格可能存在较大波动，且可能对基金资产净值产生较大影响，为了更好的维护持有人利益，该证券对应的现金替代款的清算交收可在其复牌后按照实际交易成本办理。在此期间若该证券发生除息、送股（转增） 、配股等重要权益变动，则进行相应调整。 【2】赎回替代金额的处理程序 T日内，基金管理人根据赎回规模进行被替代证券的代理卖出。T日日终，基金管理人根据所卖出的被替代证券的实际单位卖出金额 （扣除相关费用） 和未卖出的被替代证券的T 华夏中证港股通央企红利交易型开放式指数证券投资基金招募说明书（更新） 48 日收盘价（折算为人民币，折算汇率采用当天的估值汇率；T日在证券交易所无交易的，取最近交易日的收盘价； 交易日无收盘价的， 取最后成交价） 计算被替代证券的单位结算金额， 在此基础上根据替代证券数量确定赎回替代金额。 正常情况下，T日后的第3个港股通交易日后的第2个工作日内，基金管理人将应支付的赎回替代金额与相关申购赎回代理机构办理交收。若发生特殊情况，基金管理人可以对交收日期进行相应调整。 如遇港股通临时停市等特殊情况， 组合证券的代理卖出及结算价格可依次顺延至下一港股通交易日直至交易正常。如遇证券长期停牌、流动性不足等可能导致收盘价或最后成交价不公允的特殊情况，可参照证券的估值价格，对结算价格进行调整，如果基金管理人认为该证券复牌后的价格可能存在较大波动，且可能对基金资产净值产生较大影响，为了更好的维护持有人利益，该证券对应的现金替代款的清算交收可在其复牌后按照实际交易成本办理。 在此期间若该证券发生除息、送股（转增） 、配股等重要权益变动，则进行相应调整。 ④未来如港股通的交易、结算规则发生改变，或上海证券交易所、登记机构ETF申购赎回交易结算规则发生改变，或基金管理人与基金托管人之间的结算相关安排发生,折算汇率采用当天的估值汇率,当天,港币/港元折算为人民币,申购：实际买入/购入成本包括买入价格与相关费用；赎回：实际卖出金额扣除相关费用,基金份额参考净值＝ （申购赎回清单中必须用现金替代的替代金额+申购赎回清单中可以用现金替代成份证券的数量与最新成交价相乘之和+申购赎回清单中的预估现金部分）/ 最小申购、赎回单位对应的基金份额（最新成交价按照人民币对港币的汇率调整为人民币价格）,组合证券实时成交数据；最新成交价；收盘价,汇率公允价包括中证指数公司在发布和计算境外指数产品中采用的实时汇率价格、 基金管理人与基金托管人商定的其他公允价格（如：中国人民银行或其授权机构最新公布的人民币汇率中间价、中国人民银行或国家外汇管理局或中国外汇交易中心正式对外发文后公布的人民币兑主要外汇当日收盘价）等,当日,基金管理人或其委托机构计算；上海证券交易所发布,开市后；四舍五入保留小数点后3位,PASS,fund_document,收适用相关业务规则和参与各方相关协议及其不时修订的有关规定。 本基金申购业务采用实时逐笔全额结算（Real Time Gross Settlement，以下简称RTGS） 模式；赎回业务涉及的现金替代可采用代收代付处理；申购、赎回业务涉及的现金差额和现金替代退补款可采用代收代付处理。 1）申购的清算交收投资者T日现金申购后，如交易记录已勾单且申购资金足额的，登记机构在T日日间实时办理基金份额及现金替代的交收；T日日间未进行勾单确认或日间资金不足的，登记机构在T日日终根据资金是否足额办理基金份额及现金替代的清算交收，并将结果发送给基金管理人、申购赎回代理机构和基金托管人。基金管理人在T+2日内办理现金差额的交收。 2）赎回的清算交收投资者T日赎回申请受理后，登记机构在T日收市后为投,PENDING,risk_or_non_operational,T+1清算；T+2交收,T日在证券交易所无交易的，取最近交易日的收盘价,T日内，基金管理人根据赎回规模进行被替代证券的代理卖出,PENDING,"https://fund.eastmoney.com/gonggao/513910,AN202605281822952613.html",/Users/ellis/工具程序开发/港股通逐标的分析/临时数据/513910/513910_更新招募说明书_20260529.pdf,/Users/ellis/工具程序开发/港股通逐标的分析/临时数据/513910/513910_更新招募说明书_20260529.txt,向基金管理人/托管运营确认同日申赎是否按证券维度净额下单
9,159920,SZ,华夏恒生ETF(QDII),2026-07-20,2026-07-20,2026-05-29,2026-09-09,96,必须,YES,updated,T+1,T+1,招募书未直接说明,T 日,T 日,T日（基金份额交收完成后；招募书未另行说明可卖出时点）,T+1日,T+2 日,T+3 日,T+5 日（指开放日）内,T 日,招募书未直接说明,T 日,招募书未直接说明,T日收市后计算,T+1日内公告,待人工复核,小数点后4位；第5位四舍五入,7、汇率人民币对主要外汇的汇率应当以中国人民银行或其授权机构最新公布的人民币汇率中间价为准。,原文未明确取价时点,人民币（外币币种未明确）,原文未明确备用汇率处理,日（指深圳证券交易所和香港交易所的共同交易日）内，基金管理人以收到的替代金额代投资者买入被替代证券。基金管理人有权在 T+1 日（指深圳证券交易所和香港交易所的共同交易日）内任意时刻以收到的替代金额代投资者买入小于等于被替代证券数量的任意数量的被替代证券。基金管理人有权根据基金投资的需要自主决定不买入部分被替代证券，或者不进行任何买入证券的操作。T+1 日（指深圳证券交易所和香港交易所的共同交易日）日终，基金管理人已买入的证券，依据替代金额与经最新汇率调整的证券的实际买入成本（包括买入价格与相关交易费用）的差额，确定基金应退还投资者或投资者应补交的款项；未买入的证券，T+1 日（指深圳证券交易所和香港交易所的共同交易日）日终，依据替代金额与经最新汇率调整的证券 T+1 日（指深圳证券交易所和香港交易所的共同交易日）收盘价的恒生交易型开放式指数证券投资基金招募说明书（更新） 39 差额，确定基金应退还投资者或投资者应补交的款项；未买入且没有 T+1 日（指深圳证券交易所和香港交易所的共同交易日）收盘价的证券，依据替代金额与经最新汇率调整的证券最近收盘价的差额，确定基金应退还投资者或投资者应补交的款项。在此期间若该部分证券发生除息、送股（转增）、配股等重要权益变动，则进行相应调整。正常情况下，T+5 日（指开放日）内，基金管理人将应退款和补款的明细及汇总数据发送给登记结算机构，登记结算机构办理现金替代多退少补资金的清算，并将结果发送给相关申购赎回代理机构和基金托管人，相关款项的交收于数据发送后的第 1 个工作日内完成。当交收期间出现深圳证券交易所和香港交易所的共同交易日为非港股交收日或非港股通交收日时，款项交收日期可顺延。若发生特殊情况，基金管理人可以对交收日期进行相应调整。 如遇证券长期停牌、流动性不足等特殊情况，可参照证券的估值价格对结算价格进行调整，如果基金管理人认为该证券复牌后的价格可能存在较大波动，且可能对基金资产净值产生较大影响，为了更好的维护持有人利益，该证券对应的现金替代退补款的清算交收可在其复牌后按照实际交易成本办理。在此期间若该证券发生除息、送股（转增）、配股等重要权益变动，则进行相应调整。上述汇率目前采用汇率公允价。汇率公允价包括中国外汇交易中心最新收盘价、与基金托管人商定的其他公允价格（如：中国人民银行或国家外汇管理局或中国外汇交易中心正式对外发,汇率公允价包括中国外汇交易中心最新收盘价、与基金托管人商定的其他公允价格（如：中国人民银行或国家外汇管理局或中国外汇交易中心正式对外发文后公布的北京时间 16:30 的人民币兑主要外汇当日收盘价， 如上述机构未正式发文,当日,港币/港元折算为人民币,时间 16:30 的人民币兑主要外汇当日收盘价， 如上述机构未正式发文规定公布上述收盘价，则为中国人民银行或其授权机构最新公布的人民币汇率中间价）等。 ③赎回对应的替代金额赎回时，对于可以现金替代的证券，替代金额为扣除相关费用后的该证券的卖出价值（或证券实际结算价值）。 ④赎回对应的替代金额的处理程序对于确认成功的 T 日赎回申请，在 T+1 日（指深圳证券交易所和香港交易所的共同交易日）内，基金管理人根据赎回申请代投资者卖出被替代证券。基金管理人有权在 T+1 日 （指深圳证券交易所和香港交易所的共同交易日）内任意时刻代投资者卖出小于等于被替代证券数量的任意数量的被替代证券。基金管理人有权根据基金投资的需要自主决定不卖出部分被替代证券，或者不进行任何卖出证券的操作。T+1 日（指深圳证券交易所和香港交易所的共同交易日）日终，基金管理人已卖出的证券，依据最新汇率调整的证券的实际卖出价值 （扣除相关费用）确定基金应支付的替代金额；未卖出的证券，T+1 日（指深圳证券交易所和香港交易所的共同交易日）日终，依据经最新汇率调整的证券 T+1 日（指深圳证券交易恒生交易型开放式指数证券投资基金招募说明书（更新） 40 所和香港交易所的共同交易日）收盘价，确定基金应支付的替代金额；未卖出且没有 T+1 日（指深圳证券交易所和香港交易所的共同交易日）收盘价的证券，依据经最新汇率调整的证券最近收盘价，确定基金应支付的替代金额。在此期间若该部分证券发生除息、送股（转增）、配股等重要权益变动，则进行相应调整。正常情况下，T+5 日（指开放日）内，基金管理人将应支付的替代金额的明细及汇总数据发送给登记结算机构，登记结算机构办理现金替代资金的清算，并将结果发送给相关申购赎回代理机构和基金托管人，相关款项的交收于数据发送后的第 1 个工作日内完成。如遇证券长期停牌、流动性不足等特殊情况，可参照证券的估值价格，对结算价格进行调整，如果基金管理人认为该证券复牌后的价格可能存在较大波动，且可能对基金资产净值产生较大影响，为了更好的维护持有人利益，该证券对应的现金替代款的清算交收可在其复牌后按照实际交易成本办理。在此期间若该证券发生除息、 送股（转增）、配股等重要权益变动，则进行相应调整。上述汇率目前采用汇率公允价。汇率公允价包括中国外汇交易中心最新收盘价、与基金托管人商定的其他公允价格（如：中国人,汇率公允价包括中国外汇交易中心最新收盘价、与基金托管人商定的其他公允价格（如：中国人民银行或国家外汇管理局或中国外汇交易中心正式对外发文后公布的北京时间 16:30 的人,原文未明确取价时点,人民币（外币币种未明确）,申购：实际买入/购入成本包括买入价格与相关费用,基金份额参考净值＝（申购赎回清单中必须用现金替代的成份证券的必须替代金额之和+申购赎回清单中可以用现金替代的成份证券的数量与最新成交价乘积之和+申购赎回清单中的预估现金部分）/最小申购、赎回单位对应的基金份额（最新成交价按照人民币对港币的汇率调整为人民币价格）,最新成交价；收盘价,汇率公允价包括中证指数公司在发布和计算境外指数产品中采用的实时汇率价格、基金管理人与基金托管人商定的其他公允价格（如：中国人民银行或国家外汇管理局或中国外汇交易中心正式对外发文后公布的北京时间 16:30 的人民币兑主要外汇当日收盘价，如上述机构未正式发文规定公布上述收盘价， 则为中国人民银行或其授权机构最新公布的人民币汇率中间价）等,当日,基金管理人或其委托机构计算；深圳证券交易所发布,开市后；四舍五入保留小数点后3位,PASS,applicable_SZ_cross_border_rule,招募书未直接出现 RTGS；按适用的交易所/中国结算跨境 ETF 规则，日间 RTGS 交收，按项目口径 PASS,PENDING,not_found,T+3清算；T+3交收,T+1 日（指深圳证券交易所和香港交易所的共同交易日）日终，基金管理人已买入的证券，依据替代金额与经最新汇率调整的证券的实际买入成本（包括买入价格与相关交易费用）的差额，确定基金应退还投资者或投资者应补交的款项,见招募书处理程序,PENDING,"https://fund.eastmoney.com/gonggao/159920,AN202607191827110519.html",/Users/ellis/工具程序开发/港股通逐标的分析/临时数据/159920/159920_更新招募说明书_20260720.pdf,/Users/ellis/工具程序开发/港股通逐标的分析/临时数据/159920/159920_更新招募说明书_20260720.txt,向基金管理人/托管运营确认同日申赎是否按证券维度净额下单；招募书未直接写 RTGS，保留适用规则来源
10,159040,SZ,鹏华中证港股通互联网ETF,,2026-05-13,,2026-09-09,31,必须,YES,initial_only,T日内,T日内,日间 RTGS/实时逐笔全额；日间未完成时日终逐笔全额非担保交收,T 日,T 日,T日（基金份额交收完成后；招募书未另行说明可卖出时点）,T+1日,T日,T+2日,T+3日（指港股通交易日）内,T日,代收代付,T日后的第3个港股通交易日后的2个工作日内,招募书未直接说明,T日收市后计算,T+1日内公告,交易所上市的有价证券的估值鹏华中证港股通互联网交易型开放式指数证券投资基金招募说明书 57 交易所上市的有价证券（固定收益品种除外），以其估值日在证券交易所挂牌的市价（收盘价）估值；估值日无交易的，且最近交易日后经济环境未发生重大变化以及证券发行机构未发生影响证券价格的重大事件的，以最近交易日的市价（收盘价）估值；如最近交易日后经济环境发生了重大变化或证券发行机构发生影响证券价格的重大事件的，可参考类似投资品种的现行市价及重大变化因素，调整最近交易市价，确定公允价格。 2、固定收益品种的估值 （1）对于已上市或已挂牌转让的不含权固定收益品种（另有规定的除外），选取第三方估值基准服务机构提供的相应品种当日的估值全价进行估值； （2）对于已上市或已挂牌转让的含权固定收益品种（另有规定的除外），选取第三方估值基准服务机构提供的相应品种当日的唯一估值全价或推荐估值全价进行估值。对于含投资者回售权的固定收益品种，行使回售权的，在回售登记日至实际收款日期间选取第三方估值基准服务机构提供的相应品种的唯一估值全价或推荐估值全价进行估值。回售登记期截止日 （含当日）后未行使回售权的按照长待偿期所对应的价格进行估值； （3）对于在交易所市场上市交易的公开发行的可转换债券等有活跃市场的含转股权的债券，实行全价交易的债券选取估值日收盘价作为估值全价；实行净价交易的债券选取估值日收盘价并加计每百元税前应计利息作为估值全价； （4）对于未上市或未挂牌转让且不存在活跃市,小数点后4位；第5位四舍五入,8、汇率估值计算中涉及到港币或其他外币币种对人民币汇率的，以基金估值日中国人民银行或其授权机构公布的人民币汇率中间价或其他可以反映公允价值的汇率进行估值。 基金管理人和基金托管人经协商可对所采用的汇率来源进行调整。若本基金现行估值汇率不再发布或发生重大变更，或市场上出现更为公允、更适合本基金的估值汇率时，基金管理人与基金托管人协商一致后可根据实际情况调整本基金的估值汇率，无需召开基金份额持有人大会。,估值日,港币/港元对人民币,若本基金现行估值汇率不再发布或发生重大变更，或市场上出现更为公允、更适合本基金的估值汇率时，基金管理人与基金托管人协商一致后可根据实际情况调整本基金的估值汇率，无需召开基金份额持有人大会,申购替代金额的处理程序 T日，基金管理人在申购赎回清单中公布申购现金替代保证金率，并据此收取申购替代金额。 对于确认成功的T日申购申请，通常情况下T日内基金管理人根据申购规模进行组合证券的代理买入。基金管理人有权在T日内任意时刻以收到的替代金额代投资者买入小于等于被替代证券数量的任意数量的被替代证券。基金管理人有权根据基金投资的需要自主决定不买鹏华中证港股通互联网交易型开放式指数证券投资基金招募说明书 41 入部分被替代证券，或者不进行任何买入证券的操作，基金管理人可能不买入被替代证券的情形包括但不限于市场流动性不足、技术系统无法实现以及基金管理人认为不应买入的其他情形。T日日终，基金管理人根据所购入的被替代证券的实际单位购入成本（包括买入价格与相关费用，折算为人民币）和未买入的被替代证券的T日收盘价（折算为人民币，折算汇率采用基金管理人和基金托管人商定的汇率公允价，汇率公允价包括中国人民银行或其授权机构公布的人民币汇率中间价、中国外汇交易中心参考汇率、中国外汇交易中心收盘价、与基金托管人商定的其他公允价格等；当日在证券交易所无交易的，取最近交易日的收盘价； 当日无收盘价的，取最后成交价）计算被替代证券的单位结算成本，在此基础上根据替代证券数量和申购替代金额确定基金应退还投资者或投资者应补交的款项。 正常情况下，T+3日（指港股通交易日）内，基金管理人将应退款和补款的明细及汇总数据发送给登记机构，登记机构办理现金替代多退少补资金的清算，并将结果发送给相关申购赎回代理券商和基金托管人。 如遇港股通临时停市、港股通交易每日额度或总额度不足等特殊情况，组合证券的代理买入及结算价格可依次顺延至下一港股通交易日直至交易正常。如遇证券长期停牌、流动性不足等可能导致收盘价或最后成交价不公允的特殊情况，可参照证券的估值价格，对结算价格进行调整，如果基金管理人认为该证券复牌后的价格可能存在较大波动，且可能对基金资产净值产生较大影响，为了更好的维护基金份额持有人利益，该证券对应的现金替代款的清算交收可在其复牌后按照实际交易成本办理。在此期间若该证券发生除息、送股（转增）、 配股等重要权益变动，则进行相应调整。 ④赎回对应的替代金额赎回时，对于可以现金替代的证券，替代,折算汇率采用基金管理人和基金托管人商定的汇率公允价，汇率公允价包括中国人民银行或其授权机构公布的人民币汇率中间价、中国外汇交易中心参考汇率、中国外汇交易中心收盘价、与基金托管人商定的其他公允价格等,原文未明确取价时点,港币/港元折算为人民币,调整，如果基金管理人认为该证券复牌后的价格可能存在较大波动，且可能对基金资产净值产生较大影响，为了更好的维护基金份额持有人利益，该证券对应的现金替代款的清算交收可在其复牌后按照实际交易成本办理。在此期间若该证券发生除息、送股（转增）、 配股等重要权益变动，则进行相应调整。 ④赎回对应的替代金额赎回时，对于可以现金替代的证券，替代金额为扣除相关费用后的该证券的卖出价值（或证券实际结算价值） ⑤赎回替代金额的处理程序对于确认成功的T日赎回申请，通常情况下T日内基金管理人根据赎回规模进行组合证券的代理卖出。基金管理人有权在T日内任意时刻卖出小于等于被替代证券数量的任意数量的被替代证券。基金管理人有权根据基金投资的需要自主决定不卖出部分被替代证券，或者不进行任何卖出证券的操作，基金管理人可能不卖出被替代证券的情形包括但不限于市场流动性不足、技术系统无法实现以及基金管理人认为不应卖出的其他情形。T日日终，基金管理人根据所卖出的被替代证券的实际单位卖出金额（扣除相关费用，折算为人民币）和未卖出的被替代证券的T日收盘价（折算为人民币，折算汇率采用基金管理人和基金托管人商定的汇率公允价，汇率公允价包括中国人民银行或其授权机构公布的人民币汇率中间价、中国外汇交易中心参考汇率、中国外汇交易中心收盘价、与基金托管人商定的其他公允价格等；当日在证券交易所无交易的，取最近交易日的收盘价；当日无收盘价的，取最后成交价）计算鹏华中证港股通互联网交易型开放式指数证券投资基金招募说明书 42 被替代证券的单位结算金额，在此基础上根据替代证券数量确定赎回替代金额。正常情况下， T日后的第3个港股通交易日后的2个工作日内，基金管理人将应支付的赎回替代金额与相关申购赎回代理机构办理交收。若发生特殊情况，基金管理人可以对交收日期进行相应调整。 如遇港股通临时停市等特殊情况，组合证券的代理卖出及结算价格可依次顺延至下一港股通交易日直至交易正常。如遇证券长期停牌、流动性不足等可能导致收盘价或最后成交价不公允的特殊情况，可参照证券的估值价格，对结算价格进行调整，如果基金管理人认为该证券复牌后的价格可能存在较大波动，且可能对基金资产净值产生较大影响，为了更好的维护基金份额持有人利益，该证券对应的现金替代款的清算交收可在其复牌后按照实际交易成本办理。在此期间若该证券发生除息、送股（转增）、配股等重要权益变动，则进行相,折算汇率采用基金管理人和基金托管人商定的汇率公允价，汇率公允价包括中国人民银行或其授权机构公布的人民币汇率中间价、中国外汇交易中心参考汇率、中国外汇交易中心收盘价、与基金托管人商定的其他公允价格等,原文未明确取价时点,港币/港元折算为人民币,申购：实际买入/购入成本包括买入价格与相关费用；赎回：实际卖出金额扣除相关费用,基金份额参考净值＝（申购赎回清单中必须现金替代的替代金额+申购赎回清单中可以现金替代成份证券的数量与最新成交价以及汇率公允价相乘之和+申购赎回清单中的预估现金差额）/最小申购赎回单位对应的基金份额,组合证券实时成交数据；最新成交价,汇率公允价包括基金管理人委托的其他机构在发布和计算境外指数产品鹏华中证港股通互联网交易型开放式指数证券投资基金招募说明书 35 中采用的汇率价格、基金管理人与基金托管人商定的其他公允价格等,实时汇率数据,基金管理人或其委托机构计算；深圳证券交易所发布,开市后；四舍五入保留小数点后4位,PASS,fund_document,用《业务规则》和参与各方相关协议的有关规定。 本基金现金申购业务中的现金替代采用实时逐笔全额结算 （ Real Time Gross Settlement，简称RTGS）模式；赎回业务涉及的现金替代采用代收代付处理；申购、赎回业务涉及的现金差额和现金替代退补款采用代收代付处理。 （1）申购的清算交收投资者T日提交的申购申请受理后，如交易记录已勾单且申购资金足额的，登记机构在T 日日间实时办理基金份额及现金替代的交收；T日日间未进行勾单确认或日间资金不足的， 登记机构在T日日终根据资金是否足额办理基金份额及现金替代的清算交收，并将结果发送鹏华中证港股通互联网交易型开放式指数证券投资基金招募说明书 38 给基金管理人、申购赎回代理券商和基金托管人。基金管理人与申购赎回代理券商在T+2,PENDING,risk_or_non_operational,T+?清算；T+2交收,T+3日（指港股通交易日）内，基金管理人将应退款和补款的明细及汇总数据发送给登记机构，登记机构办理现金替代多退少补资金的清算，并将结果发送给相关申购赎回代理券商和基金托管人,T日赎回申请，通常情况下T日内基金管理人根据赎回规模进行组合证券的代理卖出,PENDING,"https://fund.eastmoney.com/gonggao/159040,AN202605121822216295.html",/Users/ellis/工具程序开发/港股通逐标的分析/临时数据/159040/159040_招募说明书_20260513.pdf,/Users/ellis/工具程序开发/港股通逐标的分析/临时数据/159040/159040_招募说明书_20260513.txt,东财暂未找到更新招募书，继续监测；向基金管理人/托管运营确认同日申赎是否按证券维度净额下单
