horizon,test_date,fit_start,inner_fit_end,validation_start,train_end,train_rows,test_rows,selection_score,alpha,legs,HSI_FUT,HHI_FUT,HTI_FUT,02800,02828,03032,03033,02845,fixed_pair_HHI_beta,fixed_pair_HTI_beta
5,20260610,20260303,20260522,20260526,20260609,6900,115,0.0014711791279295359,0.1,02828+03032,0.0,0.0,0.0,0.0,0.3262748905245305,0.4082320483669803,0.0,0.0,0.30291077432431485,0.44594025341429183
5,20260611,20260304,20260526,20260527,20260610,6900,115,0.001515131864741147,0.1,HHI_FUT+03032,0.0,0.38220832027525925,0.0,0.0,0.0,0.3779146303615896,0.0,0.0,0.30397185963721657,0.44833456051560727
5,20260612,20260305,20260527,20260528,20260611,6900,115,0.0015287067533884316,0.1,02828+03032,0.0,0.0,0.0,0.0,0.32708815453542345,0.404778179216347,0.0,0.0,0.3183775422180719,0.4366268793778766
5,20260615,20260306,20260528,20260529,20260612,6900,115,0.0014568320799540383,0.01,HHI_FUT+03033,0.0,0.4989408306889232,0.0,0.0,0.0,0.0,0.3610180007602875,0.0,0.3210638010047164,0.43150474796234073
5,20260616,20260309,20260529,20260601,20260615,6900,115,0.0013757056010698446,0.1,HHI_FUT+03032,0.0,0.3911796474145238,0.0,0.0,0.0,0.3633809747413335,0.0,0.0,0.33019985557786696,0.4251885186011622
5,20260617,20260310,20260601,20260603,20260616,6900,115,0.001357908328017036,0.1,HHI_FUT+03032,0.0,0.40137307979841524,0.0,0.0,0.0,0.3556992325456324,0.0,0.0,0.35711263997438725,0.40644283926458036
5,20260618,20260316,20260603,20260604,20260617,6900,115,0.0013161296545880095,0.01,HHI_FUT+03032,0.0,0.4916086454114513,0.0,0.0,0.0,0.3375610794714454,0.0,0.0,0.3581540383801392,0.4086540998053108
5,20260622,20260317,20260604,20260605,20260618,6900,115,0.0013575824880631636,0.0,HHI_FUT+03033,0.0,0.532878764825494,0.0,0.0,0.0,0.0,0.3431384188340097,0.0,0.37760224360592054,0.3928122706113441
5,20260623,20260318,20260605,20260608,20260622,6900,115,0.0012977305006729133,0.0,HHI_FUT+03033,0.0,0.5348677716638754,0.0,0.0,0.0,0.0,0.3386731493470177,0.0,0.3920864717721023,0.38356953962279483
5,20260624,20260319,20260608,20260609,20260623,6900,115,0.0013676175365722931,0.0,HHI_FUT+03033,0.0,0.5385707585747573,0.0,0.0,0.0,0.0,0.3361135968513293,0.0,0.3844963537332489,0.388328932514989
5,20260625,20260320,20260609,20260610,20260624,6900,115,0.0013469425210978771,0.0,HHI_FUT+03033,0.0,0.5213862515498103,0.0,0.0,0.0,0.0,0.33797680354724163,0.0,0.3793422869050921,0.380932445560566
5,20260626,20260323,20260610,20260611,20260625,6900,115,0.0012668195382209862,0.01,HHI_FUT+03033,0.0,0.5017609447190137,0.0,0.0,0.0,0.0,0.34330717284600637,0.0,0.37817679589270553,0.3782134891562789
5,20260629,20260324,20260611,20260612,20260626,6900,115,0.0012312329015991502,0.0,HHI_FUT+03033,0.0,0.5047434881224967,0.0,0.0,0.0,0.0,0.3290854751580919,0.0,0.3850583295901478,0.35736311405274124
5,20260630,20260325,20260612,20260615,20260629,6900,115,0.0012290674048117262,0.01,HHI_FUT+03033,0.0,0.48981263026031513,0.0,0.0,0.0,0.0,0.32750811195193624,0.0,0.39528690626328716,0.34250781614654446
5,20260702,20260326,20260615,20260616,20260630,6900,115,0.0013224814602992845,0.01,02828+03032,0.0,0.0,0.0,0.0,0.4348099880354063,0.3584020598619109,0.0,0.0,0.4020705521788256,0.35342958349135417
5,20260703,20260327,20260616,20260617,20260702,6900,115,0.0013420458329431678,0.01,02828+03032,0.0,0.0,0.0,0.0,0.42955122234221293,0.3612478553543205,0.0,0.0,0.39920295138609035,0.3550813431221182
5,20260706,20260330,20260617,20260618,20260703,6900,115,0.001405061585515195,0.01,02828+03032,0.0,0.0,0.0,0.0,0.4256556586569218,0.3602471417115556,0.0,0.0,0.404499011505471,0.34827925675604315
5,20260707,20260331,20260618,20260622,20260706,6900,115,0.0013737995486834255,0.01,02828+03032,0.0,0.0,0.0,0.0,0.43089335885992397,0.35672248964897835,0.0,0.0,0.40923669231678433,0.34520260665518454
5,20260708,20260401,20260622,20260623,20260707,6900,115,0.0013877028556151586,0.01,02828+03032,0.0,0.0,0.0,0.0,0.42775995458131266,0.3615714613389825,0.0,0.0,0.40422747878965576,0.3522879112442824
5,20260709,20260402,20260623,20260624,20260708,6900,115,0.001370966241315425,0.1,02828+03032,0.0,0.0,0.0,0.0,0.35885010419803104,0.3658631485918572,0.0,0.0,0.4122032722360395,0.3425600697464606
5,20260710,20260408,20260624,20260625,20260709,6900,115,0.0013983384647772322,0.1,02828+03032,0.0,0.0,0.0,0.0,0.3746198225362689,0.3574156890460013,0.0,0.0,0.4132247807396947,0.3387415562017512
5,20260713,20260409,20260625,20260626,20260710,6900,115,0.0014086436925092548,0.1,02828+03032,0.0,0.0,0.0,0.0,0.37336364804970407,0.3578004023420347,0.0,0.0,0.4162848939916473,0.3354813989123502
5,20260714,20260410,20260626,20260629,20260713,6900,115,0.001434084032965394,0.0,HSI_FUT+03032,0.5192756501258187,0.0,0.0,0.0,0.0,0.3330615484480073,0.0,0.0,0.4442115015914562,0.32506954062762045
5,20260715,20260413,20260629,20260630,20260714,6900,115,0.0014807836157209524,0.0,HSI_FUT+03032,0.521208900840949,0.0,0.0,0.0,0.0,0.33850923850820513,0.0,0.0,0.43451831249115774,0.3390927967399261
5,20260716,20260414,20260630,20260702,20260715,6900,115,0.001405413467181169,0.0,HSI_FUT+03032,0.5064881892817972,0.0,0.0,0.0,0.0,0.34778675462271685,0.0,0.0,0.43584669398873177,0.33678702927843535
5,20260717,20260415,20260702,20260703,20260716,6900,115,0.001410912635900034,0.0,HSI_FUT+03033,0.5570199288640312,0.0,0.0,0.0,0.0,0.0,0.34461083298408185,0.0,0.4381657452854714,0.3331185723025252
5,20260720,20260416,20260703,20260706,20260717,6900,115,0.0013901464312058415,0.0,HHI_FUT+03033,0.0,0.5168708816925,0.0,0.0,0.0,0.0,0.3423106880350831,0.0,0.4337980987712732,0.3407994911041696
5,20260721,20260417,20260706,20260707,20260720,6900,115,0.0014356060125352492,0.0,HHI_FUT+03033,0.0,0.5107299065182095,0.0,0.0,0.0,0.0,0.35050833635834955,0.0,0.43326495608481147,0.3442251463953424
5,20260722,20260420,20260707,20260708,20260721,6900,115,0.0014420038037215536,0.0,HHI_FUT+03033,0.0,0.504352291074665,0.0,0.0,0.0,0.0,0.35612024527139985,0.0,0.4152803863110518,0.3573099286948304
5,20260723,20260421,20260708,20260709,20260722,6900,115,0.001428409872090369,0.0,HHI_FUT+03033,0.0,0.5013105424313539,0.0,0.0,0.0,0.0,0.3592609987698094,0.0,0.4125387911491511,0.3603161029121045
5,20260724,20260422,20260709,20260710,20260723,6900,115,0.0013669271238597649,0.0,HHI_FUT+03033,0.0,0.500906092497898,0.0,0.0,0.0,0.0,0.3564056927516605,0.0,0.41074032679286965,0.3586585599228909
5,20260727,20260423,20260710,20260713,20260724,6900,115,0.0013401495259029212,0.0,HHI_FUT+03033,0.0,0.4997801559139963,0.0,0.0,0.0,0.0,0.3567235127178675,0.0,0.41193722164352625,0.3577130143169161
5,20260728,20260424,20260713,20260714,20260727,6900,115,0.0012928654104107649,0.0,02828+03032,0.0,0.0,0.0,0.0,0.3865771433355199,0.41885078619021515,0.0,0.0,0.4129128087767155,0.3565291098189956
5,20260729,20260427,20260714,20260715,20260728,6900,115,0.0011907722128431343,0.0,02828+03033,0.0,0.0,0.0,0.0,0.4395077602210147,0.0,0.3886813722398616,0.0,0.4111167644446566,0.3566167815816554
5,20260730,20260428,20260715,20260716,20260729,6900,115,0.0012304452831461493,0.0,02828+03033,0.0,0.0,0.0,0.0,0.43647726493307315,0.0,0.3907673595592142,0.0,0.40196199501028845,0.3616466760893254
5,20260731,20260429,20260716,20260717,20260730,6900,115,0.0012272733649404564,0.0,02828+03032,0.0,0.0,0.0,0.0,0.3757299207047102,0.42729711360391404,0.0,0.0,0.40852114369498405,0.3588516835067374
5,20260803,20260430,20260717,20260720,20260731,6900,115,0.0011886500792075742,0.0,02828+03032,0.0,0.0,0.0,0.0,0.37445692628393185,0.42665285577029866,0.0,0.0,0.40656445289402987,0.35881913018674483
15,20260610,20260303,20260522,20260526,20260609,6300,105,0.002258566223756673,0.1,02828+03032,0.0,0.0,0.0,0.0,0.34226548064458456,0.47923850456266,0.0,0.0,0.37864858822146746,0.48131195075508215
15,20260611,20260304,20260526,20260527,20260610,6300,105,0.002310557010137019,0.0,02828+03032,0.0,0.0,0.0,0.0,0.36403912827272367,0.5039400217675902,0.0,0.0,0.3627629588098694,0.49223019702515625
15,20260612,20260305,20260527,20260528,20260611,6300,105,0.0023832710271718045,0.0,02828+03032,0.0,0.0,0.0,0.0,0.3668679662050984,0.5047097508352915,0.0,0.0,0.3707271964108582,0.49092509388270167
15,20260615,20260306,20260528,20260529,20260612,6300,105,0.0022164113871713667,0.01,03032,0.0,0.0,0.0,0.0,0.0,0.6844926350881998,0.0,0.0,0.37234736441905775,0.483149336463366
15,20260616,20260309,20260529,20260601,20260615,6300,105,0.0021637940209086057,0.0,03032,0.0,0.0,0.0,0.0,0.0,0.6878773031421209,0.0,0.0,0.3952616576087436,0.4674763795880426
15,20260617,20260310,20260601,20260603,20260616,6300,105,0.002153087550931066,0.0,02800+03032,0.0,0.0,0.0,0.10183130781432113,0.0,0.6313584573019202,0.0,0.0,0.43523750782914683,0.43785084052416456
15,20260618,20260316,20260603,20260604,20260617,6300,105,0.0020884413567300282,0.0,02828+03032,0.0,0.0,0.0,0.0,0.3789536842363221,0.4866045321855234,0.0,0.0,0.43778965464670494,0.4395002810698718
15,20260622,20260317,20260604,20260605,20260618,6300,105,0.002161025429531548,0.01,HHI_FUT+03032,0.0,0.5291314871418233,0.0,0.0,0.0,0.38070283286543694,0.0,0.0,0.45489265974547755,0.42194888739421627
15,20260623,20260318,20260605,20260608,20260622,6300,105,0.001992419133442204,0.0,HSI_FUT+03032,0.5607805350227641,0.0,0.0,0.0,0.0,0.39807795657424094,0.0,0.0,0.4669339702088261,0.4138810488542851
15,20260624,20260319,20260608,20260609,20260623,6300,105,0.002070274345670039,0.0,HSI_FUT+03032,0.5480715547349928,0.0,0.0,0.0,0.0,0.4077581479935894,0.0,0.0,0.4485259367218269,0.4286138957294713
15,20260625,20260320,20260609,20260610,20260624,6300,105,0.002054235691737501,0.0,HHI_FUT+03032,0.0,0.545320140704233,0.0,0.0,0.0,0.3630646913448007,0.0,0.0,0.45668392300330907,0.41052529317148756
15,20260626,20260323,20260610,20260611,20260625,6300,105,0.0019759591545230335,0.0,HHI_FUT+03032,0.0,0.5523933024602558,0.0,0.0,0.0,0.3561925539344223,0.0,0.0,0.4742915875377463,0.39647943343860376
15,20260629,20260324,20260611,20260612,20260626,6300,105,0.0018534860462386493,0.0,HHI_FUT+03033,0.0,0.5897325848616818,0.0,0.0,0.0,0.0,0.3313520741915977,0.0,0.4772173040526523,0.38371894029822845
15,20260630,20260325,20260612,20260615,20260629,6300,105,0.0018923193528100615,0.0,HHI_FUT+03033,0.0,0.5844882631735346,0.0,0.0,0.0,0.0,0.32090341010028156,0.0,0.48781206660497456,0.36234655927834813
15,20260702,20260326,20260615,20260616,20260630,6300,105,0.0020262378356799412,0.0,HHI_FUT+03032,0.0,0.5543041780662595,0.0,0.0,0.0,0.37100188983154886,0.0,0.0,0.48823340323418607,0.4019511656809382
15,20260703,20260327,20260616,20260617,20260702,6300,105,0.002154667040855259,0.0,HHI_FUT+03033,0.0,0.5692950896928596,0.0,0.0,0.0,0.0,0.381067313967544,0.0,0.47274040339854756,0.4140313086713807
15,20260706,20260330,20260617,20260618,20260703,6300,105,0.0023266733870903025,0.01,HHI_FUT+02845,0.0,0.9389329749888873,0.0,0.0,0.0,0.0,0.0,0.1371493552383725,0.48779886023874164,0.3996047253667975
15,20260707,20260331,20260618,20260622,20260706,6300,105,0.00227472693059914,0.01,HHI_FUT+03033,0.0,0.5388729163498593,0.0,0.0,0.0,0.0,0.38556411947994884,0.0,0.4833324717172404,0.398271685774332
15,20260708,20260401,20260622,20260623,20260707,6300,105,0.0023231766289167123,0.0,HHI_FUT+03033,0.0,0.5648515254524822,0.0,0.0,0.0,0.0,0.3817968979076123,0.0,0.49221651038508607,0.40081547025646047
15,20260709,20260402,20260623,20260624,20260708,6300,105,0.002300210881539932,0.1,HHI_FUT+03033,0.0,0.4462868510917666,0.0,0.0,0.0,0.0,0.41401677423756306,0.0,0.4727455435402743,0.41178648994306427
15,20260710,20260408,20260624,20260625,20260709,6300,105,0.002343163316472002,0.0,HSI_FUT+03033,0.5725323573447285,0.0,0.0,0.0,0.0,0.0,0.4067060801157026,0.0,0.4621989319111788,0.414810085269771
15,20260713,20260409,20260625,20260626,20260710,6300,105,0.0023564261649620948,0.01,HSI_FUT+03033,0.5526604045091634,0.0,0.0,0.0,0.0,0.0,0.41257563917957074,0.0,0.45757481926112764,0.41755192120539686
15,20260714,20260410,20260626,20260629,20260713,6300,105,0.002369753128661959,0.01,HSI_FUT+03032,0.5366674613930049,0.0,0.0,0.0,0.0,0.4131210413252764,0.0,0.0,0.4734056357607274,0.4124398847130589
15,20260715,20260413,20260629,20260630,20260714,6300,105,0.002406251289371262,0.0,HHI_FUT+03033,0.0,0.5588136796886605,0.0,0.0,0.0,0.0,0.3914015588841533,0.0,0.4761986880487173,0.41581355951317917
15,20260716,20260414,20260630,20260702,20260715,6300,105,0.0023091167185622045,0.0,HHI_FUT+03033,0.0,0.5573861953283039,0.0,0.0,0.0,0.0,0.39093857362119055,0.0,0.47478798830478647,0.41620405861723075
15,20260717,20260415,20260702,20260703,20260716,6300,105,0.0022774080886207686,0.0,HHI_FUT+03033,0.0,0.5555021065599368,0.0,0.0,0.0,0.0,0.3849298064986199,0.0,0.4727159333773319,0.41025597019529164
15,20260720,20260416,20260703,20260706,20260717,6300,105,0.0021771106913938483,0.0,HHI_FUT+03033,0.0,0.5603239672778996,0.0,0.0,0.0,0.0,0.3917069193347922,0.0,0.4802756706137446,0.41510776803091287
15,20260721,20260417,20260706,20260707,20260720,6300,105,0.002254193593362557,0.0,HHI_FUT+03033,0.0,0.5542509448703469,0.0,0.0,0.0,0.0,0.40260142505537244,0.0,0.471102039468057,0.42771650611809026
15,20260722,20260420,20260707,20260708,20260721,6300,105,0.002241512277859255,0.0,HHI_FUT+03033,0.0,0.5311528029023306,0.0,0.0,0.0,0.0,0.41769619975131733,0.0,0.4430241302411245,0.44570547624399415
15,20260723,20260421,20260708,20260709,20260722,6300,105,0.0022122860560406994,0.0,HHI_FUT+03033,0.0,0.5273972508654574,0.0,0.0,0.0,0.0,0.42192454005696783,0.0,0.4377427331126542,0.4512515449972154
15,20260724,20260422,20260709,20260710,20260723,6300,105,0.0021477077204024022,0.0,HHI_FUT+03033,0.0,0.5237724371394108,0.0,0.0,0.0,0.0,0.4194780735702235,0.0,0.4326093815845501,0.44982700619226956
15,20260727,20260423,20260710,20260713,20260724,6300,105,0.0021049440972230223,0.0,HHI_FUT+03033,0.0,0.5179152229731303,0.0,0.0,0.0,0.0,0.4224927027212236,0.0,0.42730906775040123,0.4528260326253687
15,20260728,20260424,20260713,20260714,20260727,6300,105,0.002075826196992296,0.0,HHI_FUT+03033,0.0,0.5138164468610759,0.0,0.0,0.0,0.0,0.42517300867204205,0.0,0.42216248882237334,0.4564300403853817
15,20260729,20260427,20260714,20260715,20260728,6300,105,0.0019485051534207883,0.0,02828+03033,0.0,0.0,0.0,0.0,0.4235395850745378,0.0,0.48259911085859586,0.0,0.4118166358514844,0.46165569853464133
15,20260730,20260428,20260715,20260716,20260729,6300,105,0.001961604570435145,0.0,02828+03033,0.0,0.0,0.0,0.0,0.42592753437788533,0.0,0.4818155693933395,0.0,0.4120715111593154,0.4620196861789025
15,20260731,20260429,20260716,20260717,20260730,6300,105,0.0018999439221522635,0.0,02828+03032,0.0,0.0,0.0,0.0,0.39199508620971196,0.5000279875123246,0.0,0.0,0.4304527157207829,0.4489901633369574
15,20260803,20260430,20260717,20260720,20260731,6300,105,0.0017865795115157897,0.0,03033,0.0,0.0,0.0,0.0,0.0,0.0,0.698357911264261,0.0,0.4338586641256397,0.44528981893799474
30,20260610,20260303,20260522,20260526,20260609,5400,90,0.0031471657233782422,0.0,HHI_FUT+03033,0.0,0.6473258671748785,0.0,0.0,0.0,0.0,0.40546927417783807,0.0,0.5310805055362213,0.4697038017553847
30,20260611,20260304,20260526,20260527,20260610,5400,90,0.0032637741287379765,0.0,HHI_FUT+03033,0.0,0.6342688370342807,0.0,0.0,0.0,0.0,0.4139180371451596,0.0,0.5068745211433974,0.4852388576765192
30,20260612,20260305,20260527,20260528,20260611,5400,90,0.003282723555689639,0.0,HSI_FUT+03033,0.7180404728465126,0.0,0.0,0.0,0.0,0.0,0.4019670871458405,0.0,0.5177524169917396,0.4812407912858992
30,20260615,20260306,20260528,20260529,20260612,5400,90,0.002841278527832473,0.01,HHI_FUT+03032,0.0,0.5498759720414829,0.0,0.0,0.0,0.4454847721336924,0.0,0.0,0.49830048964104345,0.4761025856694047
30,20260616,20260309,20260529,20260601,20260615,5400,90,0.0027446835302647986,0.0,02800+03032,0.0,0.0,0.0,0.18579702465247053,0.0,0.6630359018828372,0.0,0.0,0.523304756990083,0.4624190950322541
30,20260617,20260310,20260601,20260603,20260616,5400,90,0.0026916403078119855,0.1,HSI_FUT+03032,0.49122476945058585,0.0,0.0,0.0,0.0,0.46827290079362166,0.0,0.0,0.5837613937725631,0.41521733964272467
30,20260618,20260316,20260603,20260604,20260617,5400,90,0.002625992853679533,0.01,HSI_FUT+03032,0.6745720982168548,0.0,0.0,0.0,0.0,0.4054216800640333,0.0,0.0,0.5872874189985625,0.4151708806677366
30,20260622,20260317,20260604,20260605,20260618,5400,90,0.0027048178162705277,0.01,HSI_FUT+03032,0.6670199897033465,0.0,0.0,0.0,0.0,0.40394800281248494,0.0,0.0,0.5878859749980858,0.40812201623820615
30,20260623,20260318,20260605,20260608,20260622,5400,90,0.0025823862862907375,0.0,HSI_FUT+03032,0.7020206600873916,0.0,0.0,0.0,0.0,0.3873013249293975,0.0,0.0,0.5947592635069405,0.40085278587255946
30,20260624,20260319,20260608,20260609,20260623,5400,90,0.002621091827615593,0.0,HSI_FUT+03033,0.7192610519267418,0.0,0.0,0.0,0.0,0.0,0.3815685771877193,0.0,0.5626393271431446,0.42333597782486587
30,20260625,20260320,20260609,20260610,20260624,5400,90,0.002528818482331942,0.0,HHI_FUT+03033,0.0,0.6680791089165099,0.0,0.0,0.0,0.0,0.3504968960775316,0.0,0.5718915969557552,0.40219260739422424
30,20260626,20260323,20260610,20260611,20260625,5400,90,0.002463937025159334,0.0,HHI_FUT+02845,0.0,0.9995948296811085,0.0,0.0,0.0,0.0,0.0,0.17794100442437497,0.5897134022531427,0.39197424299954153
30,20260629,20260324,20260611,20260612,20260626,5400,90,0.0024564502235404533,0.0,HHI_FUT+02845,0.0,0.9888842011668363,0.0,0.0,0.0,0.0,0.0,0.17868807105348833,0.5729980444036256,0.39113460525660826
30,20260630,20260325,20260612,20260615,20260629,5400,90,0.0025249889348300655,0.0,HHI_FUT+02845,0.0,0.9599161970095189,0.0,0.0,0.0,0.0,0.0,0.17478352315955928,0.5576153355146609,0.37741158302332345
30,20260702,20260326,20260615,20260616,20260630,5400,90,0.002602660618109403,0.0,HHI_FUT+02845,0.0,1.027550847736956,0.0,0.0,0.0,0.0,0.0,0.168096511794048,0.5407950636182693,0.43274673591934115
30,20260703,20260327,20260616,20260617,20260702,5400,90,0.0028534821040847834,0.0,02828+03032,0.0,0.0,0.0,0.0,0.5118841826023344,0.47491038262314617,0.0,0.0,0.5135467552813795,0.460701610044538
30,20260706,20260330,20260617,20260618,20260703,5400,90,0.0029637119184940802,0.01,HHI_FUT+03033,0.0,0.5910509292187099,0.0,0.0,0.0,0.0,0.4175005490856226,0.0,0.5534650668327878,0.4295368181891957
30,20260707,20260331,20260618,20260622,20260706,5400,90,0.002922983599347056,0.01,HHI_FUT+03033,0.0,0.5661057364183961,0.0,0.0,0.0,0.0,0.4256905877358274,0.0,0.5415628708220579,0.4304537511709888
30,20260708,20260401,20260622,20260623,20260707,5400,90,0.002931261672797941,0.01,HHI_FUT+03033,0.0,0.5692121869600434,0.0,0.0,0.0,0.0,0.4283378862921471,0.0,0.5466094628580302,0.43166071758636876
30,20260709,20260402,20260623,20260624,20260708,5400,90,0.002982161604340652,0.1,HHI_FUT+03032,0.0,0.4351397845806586,0.0,0.0,0.0,0.4627397382600696,0.0,0.0,0.5194736398015867,0.4432613784135334
30,20260710,20260408,20260624,20260625,20260709,5400,90,0.0030358031707811883,0.0,02800+03032,0.0,0.0,0.0,0.1946444110166351,0.0,0.6371037895235019,0.0,0.0,0.5060982944687881,0.44700465198274336
30,20260713,20260409,20260625,20260626,20260710,5400,90,0.0028436604789546694,0.0,02800+03032,0.0,0.0,0.0,0.19964381247968344,0.0,0.6377870794479926,0.0,0.0,0.5004954435652436,0.4539024553584558
30,20260714,20260410,20260626,20260629,20260713,5400,90,0.0028452624522604894,0.0,02800+03032,0.0,0.0,0.0,0.21049728952001603,0.0,0.633564500029105,0.0,0.0,0.5172837359333494,0.4453407709509459
30,20260715,20260413,20260629,20260630,20260714,5400,90,0.003023651004211957,0.0,02800+03032,0.0,0.0,0.0,0.23077949375048434,0.0,0.632830802442887,0.0,0.0,0.5322505436921502,0.4476806397016301
30,20260716,20260414,20260630,20260702,20260715,5400,90,0.0029867981990652445,0.0,HTI_FUT+02800,0.0,0.0,0.6338357242696457,0.24751768604698812,0.0,0.0,0.0,0.0,0.5360332906955196,0.44534688775851666
30,20260717,20260415,20260702,20260703,20260716,5400,90,0.0030576212861026424,0.01,02800+03032,0.0,0.0,0.0,0.24139124427279332,0.0,0.6125971502571166,0.0,0.0,0.5316302204693565,0.43179758464459395
30,20260720,20260416,20260703,20260706,20260717,5400,90,0.0030453702866408043,0.01,HHI_FUT+03032,0.0,0.5543416949364139,0.0,0.0,0.0,0.43627921134098613,0.0,0.0,0.5538391662312069,0.4321406572269772
30,20260721,20260417,20260706,20260707,20260720,5400,90,0.0031013181060523076,0.0,02828+03032,0.0,0.0,0.0,0.0,0.49769538081504966,0.4891333149816648,0.0,0.0,0.5406958214277623,0.4453270863154856
30,20260722,20260420,20260707,20260708,20260721,5400,90,0.003111554509305763,0.0,02828+03032,0.0,0.0,0.0,0.0,0.48329476339627725,0.49520926261877707,0.0,0.0,0.5184556042385818,0.4560030726190661
30,20260723,20260421,20260708,20260709,20260722,5400,90,0.003047139760853278,0.0,02828+03032,0.0,0.0,0.0,0.0,0.48893672872341176,0.49440623109341536,0.0,0.0,0.5198091714401055,0.45733400100025284
30,20260724,20260422,20260709,20260710,20260723,5400,90,0.002954552007942735,0.0,02828+03032,0.0,0.0,0.0,0.0,0.47865328058344303,0.4940938294215488,0.0,0.0,0.5110559556389365,0.45647933694800247
30,20260727,20260423,20260710,20260713,20260724,5400,90,0.002932714686696656,0.0,02828+03032,0.0,0.0,0.0,0.0,0.4672175329510735,0.5012564681558226,0.0,0.0,0.4979185923546091,0.4643897269857456
30,20260728,20260424,20260713,20260714,20260727,5400,90,0.0029168780501182857,0.0,02828+03032,0.0,0.0,0.0,0.0,0.44773149645150323,0.5121129394736103,0.0,0.0,0.48555509286776655,0.4704208812423991
30,20260729,20260427,20260714,20260715,20260728,5400,90,0.0026368309311335324,0.0,02828+03032,0.0,0.0,0.0,0.0,0.4251570516967944,0.5243070116609162,0.0,0.0,0.4608779270066346,0.48450839458399736
30,20260730,20260428,20260715,20260716,20260729,5400,90,0.0026352579738868395,0.0,02828+03032,0.0,0.0,0.0,0.0,0.43049979616371836,0.5207077638938478,0.0,0.0,0.4669539018546113,0.48009834973503207
30,20260731,20260429,20260716,20260717,20260730,5400,90,0.0024382832363012827,0.0,02828+03032,0.0,0.0,0.0,0.0,0.46260722437525487,0.49896850188747205,0.0,0.0,0.4997306269969784,0.4565937474610334
30,20260803,20260430,20260717,20260720,20260731,5400,90,0.0023168502502873456,0.1,02828+03032,0.0,0.0,0.0,0.0,0.3904912037348943,0.5007380518786941,0.0,0.0,0.5092797293653971,0.4490979543084183
60,20260610,20260303,20260522,20260526,20260609,3600,60,0.003795200511153031,0.0,HHI_FUT+02845,0.0,1.1638745804582749,0.0,0.0,0.0,0.0,0.0,0.21469824815812869,0.6928010257858827,0.49772084891454366
60,20260611,20260304,20260526,20260527,20260610,3600,60,0.00393164988164826,0.0,HSI_FUT+02845,1.288659445852866,0.0,0.0,0.0,0.0,0.0,0.0,0.2125538984510521,0.6639593342717304,0.5170178940085284
60,20260612,20260305,20260527,20260528,20260611,3600,60,0.003950618415232715,0.0,HSI_FUT+02845,1.2935709951022771,0.0,0.0,0.0,0.0,0.0,0.0,0.2137508902724494,0.690044775795034,0.5046456404717483
60,20260615,20260306,20260528,20260529,20260612,3600,60,0.0036708649589749353,0.01,HSI_FUT+03033,0.8480038257732586,0.0,0.0,0.0,0.0,0.0,0.4318781408568242,0.0,0.6583229649841066,0.5030677371745546
60,20260616,20260309,20260529,20260601,20260615,3600,60,0.003375393923368776,0.0,HTI_FUT,0.0,0.0,0.8850642224093137,0.0,0.0,0.0,0.0,0.0,0.6704142698329763,0.4974162557711798
60,20260617,20260310,20260601,20260603,20260616,3600,60,0.0033853012968832036,0.0,03032+02845,0.0,0.0,0.0,0.0,0.0,0.7038298878974327,0.0,0.23046692676794087,0.7340450681699988,0.44361391702998265
60,20260618,20260316,20260603,20260604,20260617,3600,60,0.003372738494293762,0.01,HHI_FUT+03032,0.0,0.74953169041194,0.0,0.0,0.0,0.44119025849593957,0.0,0.0,0.739046123719792,0.44357266680593727
60,20260622,20260317,20260604,20260605,20260618,3600,60,0.0034209870628292803,0.01,HHI_FUT+03032,0.0,0.7491269907105033,0.0,0.0,0.0,0.43023710669042625,0.0,0.0,0.7376707311176032,0.43319460885771816
60,20260623,20260318,20260605,20260608,20260622,3600,60,0.0029390502722555284,0.0,HSI_FUT+02845,1.2460502786178642,0.0,0.0,0.0,0.0,0.0,0.0,0.21198655548061665,0.7467675414631426,0.426582693765046
60,20260624,20260319,20260608,20260609,20260623,3600,60,0.002988410753934455,0.0,HSI_FUT+02845,1.2307394403880518,0.0,0.0,0.0,0.0,0.0,0.0,0.20946617526485864,0.7042710278805152,0.4521532677239024
60,20260625,20260320,20260609,20260610,20260624,3600,60,0.0028657894695215146,0.0,HSI_FUT+02845,1.2225558491569894,0.0,0.0,0.0,0.0,0.0,0.0,0.21190572193081142,0.7075803431759013,0.4456885235418013
60,20260626,20260323,20260610,20260611,20260625,3600,60,0.002883827688168425,0.01,HHI_FUT+02845,0.0,1.0509284659810219,0.0,0.0,0.0,0.0,0.0,0.23836838369564087,0.7063536717002924,0.4510195876510537
60,20260629,20260324,20260611,20260612,20260626,3600,60,0.0028758119333896106,0.01,HHI_FUT+02845,0.0,1.0405520642110269,0.0,0.0,0.0,0.0,0.0,0.24173539404663105,0.6679681195375471,0.4609881715401246
60,20260630,20260325,20260612,20260615,20260629,3600,60,0.002959760142287652,0.01,HHI_FUT+02845,0.0,0.9963537600817723,0.0,0.0,0.0,0.0,0.0,0.24136059001892324,0.6226397408587299,0.46200047046000947
60,20260702,20260326,20260615,20260616,20260630,3600,60,0.0032609725807307786,0.01,HHI_FUT+02845,0.0,1.0366564120684378,0.0,0.0,0.0,0.0,0.0,0.22531535188914378,0.5855049503707557,0.5057561602143311
60,20260703,20260327,20260616,20260617,20260702,3600,60,0.0032823443040882723,0.0,03033+02845,0.0,0.0,0.0,0.0,0.0,0.0,0.7107081797214762,0.18334437398995423,0.5654894348219148,0.5243654980913169
60,20260706,20260330,20260617,20260618,20260703,3600,60,0.0035168790129246827,0.0,HSI_FUT+02845,1.2106241356539256,0.0,0.0,0.0,0.0,0.0,0.0,0.21363338875162058,0.6389805447537529,0.47671827619741775
60,20260707,20260331,20260618,20260622,20260706,3600,60,0.0035073629999696713,0.0,HSI_FUT+02845,1.2281510089614627,0.0,0.0,0.0,0.0,0.0,0.0,0.20464105503436017,0.6719866179913451,0.45600939939831997
60,20260708,20260401,20260622,20260623,20260707,3600,60,0.0035489314307783583,0.0,03033+02845,0.0,0.0,0.0,0.0,0.0,0.0,0.6846680112798439,0.19752787380834866,0.6773407647051869,0.44721814150091327
60,20260709,20260402,20260623,20260624,20260708,3600,60,0.003494235966909216,0.0,03033+02845,0.0,0.0,0.0,0.0,0.0,0.0,0.675717675501561,0.20329187309242644,0.6556099828047355,0.4376270429791832
60,20260710,20260408,20260624,20260625,20260709,3600,60,0.0036889547896642723,0.0,03033+02845,0.0,0.0,0.0,0.0,0.0,0.0,0.6752926975574748,0.19933620983924444,0.6294082048296066,0.45016681363600963
60,20260713,20260409,20260625,20260626,20260710,3600,60,0.003433368754800703,0.0,03032+02845,0.0,0.0,0.0,0.0,0.0,0.6795825488743644,0.0,0.19626917243104042,0.6177849263903944,0.46834466114652373
60,20260714,20260410,20260626,20260629,20260713,3600,60,0.003513866823145923,0.0,HSI_FUT+02845,1.2322573211185843,0.0,0.0,0.0,0.0,0.0,0.0,0.20300853072745423,0.6360884189250922,0.45089218546511356
60,20260715,20260413,20260629,20260630,20260714,3600,60,0.004000795148082117,0.0,HSI_FUT+03032,0.9548442986667873,0.0,0.0,0.0,0.0,0.3465748581018622,0.0,0.0,0.6831619735849296,0.44025830457733794
60,20260716,20260414,20260630,20260702,20260715,3600,60,0.0038807840552765086,0.0,HSI_FUT+03033,0.9753857896515725,0.0,0.0,0.0,0.0,0.0,0.337999430912842,0.0,0.6819029372880402,0.4401419417800288
60,20260717,20260415,20260702,20260703,20260716,3600,60,0.004289014801552086,0.0,02800,0.0,0.0,0.0,1.181047702204957,0.0,0.0,0.0,0.0,0.6624607847499925,0.4114265767689745
60,20260720,20260416,20260703,20260706,20260717,3600,60,0.004408892093491067,0.1,02800+03032,0.0,0.0,0.0,0.42402526257007306,0.0,0.5565493097798747,0.0,0.0,0.7022124148323298,0.403827757259457
60,20260721,20260417,20260706,20260707,20260720,3600,60,0.00444119944528533,0.1,02800+03032,0.0,0.0,0.0,0.4393913937982969,0.0,0.5546093762984604,0.0,0.0,0.7000592112072354,0.4086283753992781
60,20260722,20260420,20260707,20260708,20260721,3600,60,0.004520302304362233,0.1,02800+03032,0.0,0.0,0.0,0.4450498436954904,0.0,0.5486357723534105,0.0,0.0,0.6864775724276477,0.4126505068496542
60,20260723,20260421,20260708,20260709,20260722,3600,60,0.0044914804607510544,0.1,02800+03032,0.0,0.0,0.0,0.46246876936962056,0.0,0.5423208029714095,0.0,0.0,0.695451336214123,0.4101533382406324
60,20260724,20260422,20260709,20260710,20260723,3600,60,0.004421993724974855,0.1,02800+02828,0.0,0.0,0.0,0.5602746473512915,0.7081283835526434,0.0,0.0,0.0,0.6994301524474675,0.40236498035584484
60,20260727,20260423,20260710,20260713,20260724,3600,60,0.004313398934112797,0.1,02800+02828,0.0,0.0,0.0,0.5734268252899611,0.6955890377615027,0.0,0.0,0.0,0.6827482256062234,0.4113808918112316
60,20260728,20260424,20260713,20260714,20260727,3600,60,0.004300544453015894,0.1,02800+02828,0.0,0.0,0.0,0.6065539538037759,0.6612760518905955,0.0,0.0,0.0,0.6685721913173693,0.4151820217333975
60,20260729,20260427,20260714,20260715,20260728,3600,60,0.003944960518853855,0.1,03032+02845,0.0,0.0,0.0,0.0,0.0,0.6122573132790083,0.0,0.17189732427647325,0.6332530429081877,0.43049907305757457
60,20260730,20260428,20260715,20260716,20260729,3600,60,0.003982952455320969,0.1,02828,0.0,0.0,0.0,0.0,1.110974491727212,0.0,0.0,0.0,0.6353681354013543,0.42326042228678756
60,20260731,20260429,20260716,20260717,20260730,3600,60,0.003288749129035619,0.01,HHI_FUT+03033,0.0,0.6907013831781006,0.0,0.0,0.0,0.0,0.3823566900793091,0.0,0.6855179608630755,0.38166065905808716
60,20260803,20260430,20260717,20260720,20260731,3600,60,0.0030624031319802496,0.1,HSI_FUT+03033,0.5931109061684575,0.0,0.0,0.0,0.0,0.0,0.4483638519316032,0.0,0.7152087030417262,0.3604268558717037
