horizon,scenario,model,days,samples,target_std_bps,residual_std_bps,variance_reduction,residual_mean_bps,upside_es95_bps,downside_es95_bps,abs_p95_bps,first_oos,last_oos
5,fresh_endpoint_2%_evaluation_subset,selected,37,1527,14.543942831116492,8.877268657136321,0.6274415576588295,0.13338337104130937,20.01856572914254,19.033878976184333,17.75896884003539,,
5,fresh_endpoint_2%_evaluation_subset,HHI_HTI_fixed_pair,37,1527,14.543942831116492,9.412614982411865,0.5811521683842988,0.2197723511217977,21.30807223489821,19.815241727491,18.732196112820517,,
5,fresh_endpoint_2%_evaluation_subset,HTI_FUT,37,1527,14.543942831116492,9.655911873113578,0.5592196054606793,0.3590894667043771,22.30413069941012,19.784975667014297,18.60876394767727,,
5,fresh_endpoint_5%_evaluation_subset,selected,37,2448,14.907971900195841,9.145887806061866,0.6236303388255635,0.05871950573850305,20.032409674774748,19.844790883591138,18.16590255928847,,
5,fresh_endpoint_5%_evaluation_subset,HHI_HTI_fixed_pair,37,2448,14.907971900195841,9.773031821190923,0.5702444493065979,0.05934224037529714,21.388141962770405,20.923146378671525,19.140348884962968,,
5,fresh_endpoint_5%_evaluation_subset,HTI_FUT,37,2448,14.907971900195841,10.043211241355321,0.5461544684479909,0.1499226203923576,22.273900281678088,21.060041838945974,19.643847866456543,,
5,hedge_timestamp_shift_-1m_frozen_weights,selected,37,4218,14.479618494832149,11.453659081363917,0.3742883145758479,-0.06850758473369359,26.016465617247725,24.512918934544828,23.2970433417206,,
5,hedge_timestamp_shift_-1m_frozen_weights,HHI_HTI_fixed_pair,37,4218,14.479618494832149,12.25643195254208,0.283503822036988,-0.0661855912926618,27.78628170444456,26.257891145242294,25.100740806255956,,
5,hedge_timestamp_shift_+1m_frozen_weights,selected,37,4218,14.408771292845804,9.467091488084046,0.5683027797069409,0.04366749735156002,21.136392277458043,20.39412549612554,18.70115327772763,,
5,hedge_timestamp_shift_+1m_frozen_weights,HHI_HTI_fixed_pair,37,4218,14.408771292845804,8.775355747940349,0.6290840004046688,0.04565130620305154,19.61969518758168,19.316548841138392,17.662767308187505,,
5,fresh_2pct_refit,selected,37,1527,14.543942831116492,8.657056974682844,0.6456958543565494,0.21659196204105186,19.38502673395391,18.4740195096084,17.3556663339499,20260610,20260803
5,fresh_2pct_refit,HHI_HTI_fixed_pair,37,1527,14.543942831116492,9.384760290951562,0.5836274877897418,0.2048610036990268,21.139385442472662,19.793567741180777,18.683933607685113,20260610,20260803
5,fresh_2pct_refit,HTI_FUT,37,1527,14.543942831116492,9.613026163031153,0.5631262695275214,0.35326688870887113,22.05772257201049,19.759336638346415,18.5634471157656,20260610,20260803
5,exclude_suspended_days_refit,selected,18,2070,14.934213923081499,8.91239000874224,0.6438576417357678,0.3315583435429401,20.49031811595864,19.100701638686918,18.03713069701688,20260709,20260803
5,exclude_suspended_days_refit,HHI_HTI_fixed_pair,18,2070,14.934213923081499,9.671330673208947,0.5806199868062554,0.32858483673946537,21.938591507576138,20.964066560012068,19.66741969949555,20260709,20260803
5,exclude_suspended_days_refit,HTI_FUT,18,2070,14.934213923081499,9.810113237615193,0.5684975113232675,0.5388344650279778,22.58980518494352,20.704999318395412,19.663478173696788,20260709,20260803
15,fresh_endpoint_2%_evaluation_subset,selected,37,1023,25.92719756968918,14.78953858698823,0.6746145751546759,0.6266286012874291,33.2590424327156,29.479896817319,28.645459921352565,,
15,fresh_endpoint_2%_evaluation_subset,HHI_HTI_fixed_pair,37,1023,25.92719756968918,14.879014331686792,0.670665544257746,0.8657326355149945,34.09166320911317,28.44869758767492,27.897874307716076,,
15,fresh_endpoint_2%_evaluation_subset,HTI_FUT,37,1023,25.92719756968918,15.196001542194438,0.6564835778896851,1.4744032095113753,35.302362788160366,28.174065048435406,29.028267451014024,,
15,fresh_endpoint_5%_evaluation_subset,selected,37,1912,26.267212884376427,14.880858181358457,0.679056955705491,0.46321993070049344,33.237480896656095,30.5016732219026,28.910214741528513,,
15,fresh_endpoint_5%_evaluation_subset,HHI_HTI_fixed_pair,37,1912,26.267212884376427,15.09882278943693,0.6695861920212478,0.6653197110533714,33.80271950544972,30.333068482818717,29.51550777609808,,
15,fresh_endpoint_5%_evaluation_subset,HTI_FUT,37,1912,26.267212884376427,15.531400912316991,0.6503824115531935,0.9361723917678397,34.913415691300074,30.855252195875018,30.585001398887304,,
15,hedge_timestamp_shift_-1m_frozen_weights,selected,37,3848,25.869682808024375,16.372710131282123,0.5994479688330707,-0.07586314601932503,35.879398680507244,35.014345272226485,33.25304846215845,,
15,hedge_timestamp_shift_-1m_frozen_weights,HHI_HTI_fixed_pair,37,3848,25.869682808024375,16.76900311596961,0.579822992932218,0.11974032918738041,37.64869192150047,35.09767271328344,33.42896729481946,,
15,hedge_timestamp_shift_+1m_frozen_weights,selected,37,3848,25.78194458519103,14.914480202466821,0.66535456676137,0.0018851987593184088,32.776060918104704,32.153853786822445,30.163865425134198,,
15,hedge_timestamp_shift_+1m_frozen_weights,HHI_HTI_fixed_pair,37,3848,25.78194458519103,14.089976094545454,0.701331671569489,0.22273793039587556,31.572019831938302,29.656445893386095,28.631054082802645,,
15,fresh_2pct_refit,selected,36,1003,25.56269848240197,14.957853761954121,0.6576067684032608,0.857707313297117,35.63149628594425,27.6789033004112,28.618301646271536,20260611,20260803
15,fresh_2pct_refit,HHI_HTI_fixed_pair,36,1003,25.56269848240197,14.464894419544162,0.6798030865744704,0.8109635134614295,34.11715062889618,26.525421340023257,27.875495473069556,20260611,20260803
15,fresh_2pct_refit,HTI_FUT,36,1003,25.56269848240197,14.810471623855914,0.6643208383570425,1.4266997708686446,35.30608954528122,26.548540627068117,28.892593295004957,20260611,20260803
15,exclude_suspended_days_refit,selected,18,1890,26.100160245935175,13.584506029022531,0.7291047723155143,1.3650522869932078,30.701578221913003,27.68218128831159,27.990915586124615,20260709,20260803
15,exclude_suspended_days_refit,HHI_HTI_fixed_pair,18,1890,26.100160245935175,14.121420852609461,0.7072678348352034,1.2786943440941683,31.133636929009864,29.5134863380078,28.5681875970084,20260709,20260803
15,exclude_suspended_days_refit,HTI_FUT,18,1890,26.100160245935175,14.134452445657217,0.7067273047188348,1.9528166686421535,32.7859931629643,27.88973997424928,28.475151248569837,20260709,20260803
30,fresh_endpoint_2%_evaluation_subset,selected,36,830,33.77958842406566,19.484653103527034,0.6672817302358295,2.5290460930732546,45.637344485928615,31.41923676840832,37.73291979578803,,
30,fresh_endpoint_2%_evaluation_subset,HHI_HTI_fixed_pair,36,830,33.77958842406566,19.69643012628401,0.6600098524777928,2.797151796666276,46.6282447786903,32.63409624002369,40.5348570105317,,
30,fresh_endpoint_2%_evaluation_subset,HTI_FUT,36,830,33.77958842406566,20.441861702870387,0.6337883263691735,3.6217797215837066,48.48770128584038,33.87239950564708,41.82828245909313,,
30,fresh_endpoint_5%_evaluation_subset,selected,37,1568,35.79473142406298,19.431026381585013,0.705318232205375,1.3768629688063656,43.064556619590135,35.514436259792326,37.73842403758017,,
30,fresh_endpoint_5%_evaluation_subset,HHI_HTI_fixed_pair,37,1568,35.79473142406298,19.50738115124046,0.7029977612268938,1.2768607950962447,44.07478193284203,36.50457295955528,39.86569415240397,,
30,fresh_endpoint_5%_evaluation_subset,HTI_FUT,37,1568,35.79473142406298,20.13616801547432,0.6835424683611508,1.7534635084335435,45.51340422632689,37.19701017059583,39.914287068224304,,
30,hedge_timestamp_shift_-1m_frozen_weights,selected,37,3293,36.99167443721808,21.19296379506095,0.6717721620916524,0.7361587371597097,45.84951483609888,43.47989958948822,42.460396908778236,,
30,hedge_timestamp_shift_-1m_frozen_weights,HHI_HTI_fixed_pair,37,3293,36.99167443721808,21.032102293487476,0.6767359643912183,0.6407246015594448,45.91138243394069,42.924216239629786,43.09660465383736,,
30,hedge_timestamp_shift_+1m_frozen_weights,selected,37,3293,36.89160978763548,19.98805641233099,0.7064474074369547,0.9511453879990851,42.39859833048719,40.01447174913517,39.23995124006422,,
30,hedge_timestamp_shift_+1m_frozen_weights,HHI_HTI_fixed_pair,37,3293,36.89160978763548,18.90953473794741,0.7372719309350042,0.8691228587964888,41.008129913316196,37.50612864859105,38.361901641316976,,
30,fresh_2pct_refit,selected,36,830,33.77958842406566,20.517637909022874,0.6310682644350887,3.2354359079930344,48.23478801419497,32.353839546940016,39.81277961016418,20260610,20260803
30,fresh_2pct_refit,HHI_HTI_fixed_pair,36,830,33.77958842406566,19.885661980472246,0.653445615029979,2.7253121270068332,47.15306747811888,32.6402090535647,40.79608613511263,20260610,20260803
30,fresh_2pct_refit,HTI_FUT,36,830,33.77958842406566,20.57850979794122,0.6288759179890484,3.7961388756238525,49.29238357039014,33.54602233917781,42.84659286339905,20260610,20260803
30,exclude_suspended_days_refit,selected,18,1620,37.73035072699682,18.697135289773815,0.7544338753442714,3.7799986973406257,43.85423174905471,31.966722167087006,37.15875872154941,20260709,20260803
30,exclude_suspended_days_refit,HHI_HTI_fixed_pair,18,1620,37.73035072699682,19.08413912421109,0.7441629354742971,3.1811089788688807,44.089084742067435,34.27722003512848,38.65900770953979,20260709,20260803
30,exclude_suspended_days_refit,HTI_FUT,18,1620,37.73035072699682,19.055114898057685,0.7449405263557869,4.532997180413973,46.33218367700579,31.37675625320399,38.94391485686451,20260709,20260803
60,fresh_endpoint_2%_evaluation_subset,selected,37,593,52.35729795397727,29.17424007293908,0.6895121186501708,3.493346576164506,65.54311509220052,48.97159809910613,55.29235935828548,,
60,fresh_endpoint_2%_evaluation_subset,HHI_HTI_fixed_pair,37,593,52.35729795397727,26.738225579759405,0.7391981216542733,1.3389877296034822,58.61398101447382,48.28229427429488,52.01579081213589,,
60,fresh_endpoint_2%_evaluation_subset,HTI_FUT,37,593,52.35729795397727,28.725550525548627,0.6989890665814353,3.06809524216507,62.27618170349405,44.67131960790753,56.98663982952308,,
60,fresh_endpoint_5%_evaluation_subset,selected,37,1089,53.40441954201123,29.36414993608593,0.6976705403651916,4.6089832871352,65.70506423638501,49.08334590245289,54.24907982912788,,
60,fresh_endpoint_5%_evaluation_subset,HHI_HTI_fixed_pair,37,1089,53.40441954201123,26.85406264328031,0.7471484633697903,2.6218170810638965,60.69363414564903,50.07063979631768,52.90575571538598,,
60,fresh_endpoint_5%_evaluation_subset,HTI_FUT,37,1089,53.40441954201123,28.392881482449376,0.7173398786015569,4.382227916773705,62.90466910657439,46.37328783440987,57.61778128977942,,
60,hedge_timestamp_shift_-1m_frozen_weights,selected,37,2183,51.738677123264644,29.687185755689303,0.6707639222448623,3.917330981277904,67.51727041817631,51.055984220439115,56.6252058547339,,
60,hedge_timestamp_shift_-1m_frozen_weights,HHI_HTI_fixed_pair,37,2183,51.738677123264644,28.271378327876718,0.701418205295737,2.1786171464876585,63.13021871613346,52.658141698641295,55.00039890471785,,
60,hedge_timestamp_shift_+1m_frozen_weights,selected,37,2183,51.53848297620737,28.619782609454017,0.691631932482077,4.362257014265026,64.16910119648982,46.5396758874738,53.59544863628738,,
60,hedge_timestamp_shift_+1m_frozen_weights,HHI_HTI_fixed_pair,37,2183,51.53848297620737,26.5073796027919,0.7354728012493232,2.6753331403588745,58.31940915797928,48.58724860645146,52.074750796303164,,
60,fresh_2pct_refit,selected,37,593,52.35729795397727,27.20910438721177,0.7299314313543119,2.2339194088160204,60.129508063514834,48.79426283909776,51.53404149804852,20260610,20260803
60,fresh_2pct_refit,HHI_HTI_fixed_pair,37,593,52.35729795397727,26.955389012218596,0.7349445388886724,1.0738586456011905,58.21331618656501,49.23520495949328,51.718520098300694,20260610,20260803
60,fresh_2pct_refit,HTI_FUT,37,593,52.35729795397727,28.711429510100622,0.6992849380411581,2.9971241097693437,63.04630410738643,44.24127358309057,56.07624284644238,20260610,20260803
60,exclude_suspended_days_refit,selected,18,1080,51.36560489762283,30.04174271798829,0.657937527059381,9.88271827106176,71.05909771153853,46.015535468354756,60.811581012971594,20260709,20260803
60,exclude_suspended_days_refit,HHI_HTI_fixed_pair,18,1080,51.36560489762283,28.780911526239862,0.6860472618255293,7.073747737385617,70.4944078781636,46.31132108397751,60.20448477759777,20260709,20260803
60,exclude_suspended_days_refit,HTI_FUT,18,1080,51.36560489762283,28.22989112282597,0.6979536495799519,10.683611976624267,69.50193536206466,39.57326399459357,60.69967727271894,20260709,20260803
