159010	博时恒生港股通科技主题ETF
159015	国联恒生港股通科技ETF
159028	天弘恒生港股通汽车主题ETF
159040	鹏华中证港股通互联网ETF
159091	港股通金融ETF易方达
159101	华夏国证港股通科技ETF
159102	华安恒生生物科技ETF
159105	易方达恒生生物科技ETF
159109	景顺长城恒生港股通50ETF
159117	鹏华港股通低波红利ETF
159118	华夏标普港股通低波红利ETF
159120	国联安港股通科技ETF
159121	易方达恒生港股通汽车主题ETF
159125	招商国证港股通科技ETF
159126	南方中证港股通50ETF
159127	南方中证港股通高股息投资ETF
159128	天弘国证港股通科技ETF
159130	鹏华恒生生物科技ETF
159131	华宝中证港股通信息技术综合ETF
159132	富国恒生生物科技ETF
159135	前海开源恒生港股通科技主题ETF
159137	华宝中证港股通医疗主题ETF
159143	平安恒生中国央企红利ETF
159152	平安恒生港股通科技主题ETF
159167	工银瑞信中证港股通医疗主题ETF
159169	广发恒生生物科技ETF
159170	永赢国证港股通互联网ETF
159179	工银瑞信中证港股通互联网ETF
159185	鹏华中证港股通信息技术综合ETF
159186	鹏华恒生港股通汽车主题ETF
159191	易方达国证港股通科技ETF
159196	易方达中证港股通信息技术综合ETF
159198	富国中证港股通信息技术综合ETF
159202	万家恒生互联网科技业ETF(QDII)
159210	汇添富中证港股通汽车产业主题ETF
159217	工银国证港股通创新药ETF
159220	华宝标普港股通低波红利ETF
159237	工银瑞信中证港股通汽车产业ETF
159239	富国恒生港股通汽车主题ETF
159245	富国国证港股通消费主题ETF
159251	万家国证港股通科技ETF
159262	广发恒生港股通科技主题ETF
159265	鹏华国证港股通消费主题ETF
159266	永赢中证港股通央企红利ETF
159268	汇添富国证港股通消费主题ETF
159269	南方中证港股通科技ETF
159271	鹏华恒生ETF
159277	富国中证港股通高股息投资ETF
159280	汇添富国证港股通互联网ETF
159281	天弘中证港股通央企红利ETF
159285	华安国证港股通消费主题ETF
159286	鹏华国证港股通创新药ETF
159297	南方国证港股通创新药ETF
159302	银华中证港股高股息ETF
159303	大成恒生医疗保健ETF(QDII)
159312	广发恒指港股通ETF
159316	易方达恒生港股通创新药ETF
159318	银华恒指港股通ETF
159323	华夏中证港股通汽车产业主题ETF
159331	国泰中证港股通高股息投资ETF
159333	万家中证港股通央企红利ETF
159365	富国恒指港股通ETF
159366	永赢中证港股通医疗主题ETF
159506	富国恒生港股通创新药及医疗保健ETF
159519	国泰中证香港内地国有企业ETF(QDII)
159545	易方达恒生港股通高股息低波动ETF
159557	嘉实恒生医疗保健ETF(QDII)
159567	银华国证港股通创新药ETF
159568	博时港股通互联网ETF
159569	景顺长城国证港股通红利低波动率ETF
159570	汇添富国证港股通创新药ETF
159615	南方恒生生物科技ETF(QDII)
159636	工银瑞信国证港股通科技30ETF
159688	华安恒生互联网科技业ETF(QDII)
159691	工银瑞信中证港股通高股息精选ETF
159699	广发恒生消费(QDII-ETF)
159711	华夏中证港股通50ETF
159712	国泰中证港股通50ETF
159718	平安中证港股通医药卫生综合ETF
159726	华夏恒生港股通中国内地企业高股息率ETF
159735	银华中证港股通消费主题ETF
159740	大成恒生科技ETF(QDII)
159741	嘉实恒生科技ETF(QDII)
159742	博时恒生科技ETF(QDII)
159747	南方中证香港科技ETF(QDII)
159750	招商中证香港科技ETF(QDII)
159751	鹏华中证港股通科技ETF
159776	银华中证港股通医药卫生综合ETF
159788	易方达中证港股通中国100ETF
159792	富国中证港股通互联网ETF
159850	华夏恒生中国企业ETF(QDII)
159866	工银瑞信大和日经225ETF(QDII)
159892	华夏恒生生物科技ETF(QDII)
159920	华夏恒生ETF(QDII)
159954	南方恒生中国企业ETF
159960	平安港股通恒生中国企业ETF
510900	易方达恒生国企(QDII-ETF)
513000	易方达奥明日经225ETF(QDII)
513010	易方达恒生科技ETF(QDII)
513020	国泰中证港股通科技ETF
513040	易方达中证港股通互联网ETF
513060	博时恒生医疗保健(QDII-ETF)
513070	易方达中证港股通消费主题ETF
513090	易方达中证香港证券投资主题ETF
513120	广发中证香港创新药(QDII-ETF)
513130	华泰柏瑞南方东英恒生科技指数ETF(QDII)
513140	华泰柏瑞中证港股通金融服务ETF(QDII)
513150	华泰柏瑞中证港股通科技ETF
513160	银华恒生港股通中国科技ETF
513170	鹏华恒生中国央企(QDII)
513180	华夏恒生科技ETF(QDII)
513190	华夏中证港股通内地金融ETF
513200	易方达中证港股通医药卫生综合ETF
513210	易方达恒生ETF(QDII)
513230	华夏中证港股通消费主题ETF
513240	华安中证港股通信息技术综合ETF
513260	汇添富恒生科技ETF(QDII)
513280	汇添富恒生生物科技ETF(QDII)
513310	华泰柏瑞中证韩交所中韩半导体ETF(QDII)
513320	易方达恒生港股通新经济ETF
513330	华夏恒生互联网科技业ETF(QDII)
513380	广发恒生科技(QDII-ETF)
513520	华夏野村日经225ETF(QDII)
513530	华泰柏瑞中证港股通高股息投资ETF(QDII)
513550	华泰柏瑞中证港股通50ETF
513560	兴银中证港股通科技ETF
513580	华安恒生科技(QDII-ETF)
513590	鹏华中证港股通消费主题ETF
513600	南方恒指ETF
513620	银华中证港股通医疗主题ETF
513630	摩根标普港股通低波红利ETF
513660	华夏沪港通恒生ETF
513690	博时恒生高股息ETF
513700	鹏华中证港股通医药卫生综合交易ETF
513720	国泰中证港股通互联网ETF
513750	广发中证港股通非银ETF
513770	华宝中证港股通互联网ETF
513780	景顺长城中证港股通创新药ETF
513800	南方顶峰TOPIX(ETF-QDII)
513810	华夏中证香港内地国有企业ETF(QDII)
513820	汇添富中证港股通高股息投资ETF
513830	嘉实中证港股通高股息投资ETF
513860	海富通中证港股通科技ETF
513880	华安日经225ETF(QDII)
513890	摩根恒生科技ETF(QDII)
513900	华安CES港股通精选100ETF
513910	华夏中证港股通央企红利ETF
513920	华安恒生港股通中国央企红利ETF
513930	华泰柏瑞恒生生物科技ETF
513950	富国恒生港股通高股息低波动ETF(QDII)
513970	景顺长城恒生消费ETF(QDII)
513980	景顺长城中证港股通科技ETF
513990	招商上证港股通ETF
520500	华泰柏瑞恒生创新药ETF(QDII)
520510	华夏中证港股通医疗主题ETF
520520	华泰柏瑞恒生消费ETF(QDII)
520530	港股通科技ETF东财
520550	招商恒生港股通高股息低波动ETF
520560	华宝港股通恒生中国(香港上市)30ETF
520570	南方恒生科技ETF(QDII)
520590	鹏华恒生科技ETF(QDII)
520600	广发中证港股通汽车ETF
520610	银华标普港股通低波红利ETF
520620	嘉实恒生消费ETF
520630	广发中证港股通互联网ETF
520650	南方中证港股通互联网ETF
520660	南方中证国新港股通央企红利ETF
520670	嘉实恒生港股通科技主题ETF
520680	南方中证港股通汽车产业主题ETF
520690	博时恒生港股通创新药精选ETF
520700	万家中证港股通创新药ETF
520710	广发中证港股通信息技术综合ETF
520720	国泰中证港股通汽车产业主题ETF
520730	万家恒生港股通汽车主题ETF
520740	港股通互联网ETF华安
520750	港股通信息ETF华富
520760	摩根恒生生物科技ETF
520770	建信恒指港股通ETF
520780	华宝中证港股通汽车产业主题ETF
520790	兴业中证港股通互联网ETF
520810	易方达中证港股通高股息投资ETF
520820	汇添富恒指港股通ETF
520840	华安恒生港股通科技主题ETF
520850	易方达中证港股通医疗主题ETF
520860	富国中证港股通科技ETF
520880	华宝恒生港股通创新药精选ETF
520890	华泰柏瑞恒生港股通高股息低波动ETF
520900	广发中证国新港股通央企红利ETF
520910	华夏中证港股通互联网ETF
520920	天弘恒生科技ETF
520930	国泰恒生生物科技ETF
520940	华安恒指港股通ETF
520950	摩根恒生港股通50ETF
520960	嘉实恒指港股通ETF
520970	嘉实中证港股通创新药ETF
520980	汇添富恒生港股通中国科技ETF
520990	景顺长城中证国新港股通央企红利ETF
526000	华夏中证港股通信息技术综合ETF
526010	汇添富中证港股通医疗主题ETF
526030	汇添富中证港股通信息技术综合ETF
526050	招商中证港股通信息技术综合ETF
526070	博时恒指港股通ETF
